,,,"Stunting prevalence in children aged < 5 years (%)","Stunting prevalence in children aged < 5 years (%)","Underweight prevalence in children aged < 5 years (%)","Underweight prevalence in children aged < 5 years (%)","Wasting prevalence in children aged < 5 years (%)","Wasting prevalence in children aged < 5 years (%)","Severe wasting prevalence in children aged < 5 years (%)","Severe wasting prevalence in children aged < 5 years (%)","Overweight prevalence in children aged < 5 years (%)","Overweight prevalence in children aged < 5 years (%)"
"Country","Year","Data Source","2-5 years","0-1 years","2-5 years","0-1 years","2-5 years","0-1 years","2-5 years","0-1 years","2-5 years","0-1 years"
"Albania","2017","DHS","11.4 [9.4-13.9]","11.1 [8.7-14.2]","1.0 [0.6-1.5]","2.3 [1.3-4.0]","1.3 [0.8-2.1]","2.0 [1.2-3.1]","0.4 [0.2-0.9]","0.7 [0.4-1.5]","14.2 [11.9-16.8]","19.7 [16.6-23.2]"
"Albania","2008","DHS","20.1 [16.9-23.6]","29.6 [24.8-34.8]","5.7 [4.2-7.6]","7.4 [5.3-10.4]","7.8 [5.4-11.2]","12.9 [10.2-16.3]","5.4 [3.3-8.8]","7.0 [4.8-10.1]","22.6 [19.1-26.4]","24.5 [19.5-30.3]"
"Albania","2005","MICS","26.7 [22.9-30.8]","26.7 [22.2-31.8]","5.9 [4.2-8.3]","8.0 [5.3-11.9]","7.1 [5.1-9.8]","7.7 [5.2-11.4]","4.2 [2.8-6.2]","2.8 [1.4-5.3]","26.3 [22.2-30.8]","22.2 [18.2-26.8]"
"Algeria","2018","MICS","10.1 [9.2-11.2]","9.3 [8.1-10.6]","2.1 [1.8-2.6]","3.5 [2.8-4.3]","1.6 [1.3-2.0]","4.3 [3.6-5.2]","0.6 [0.4-0.8]","2.4 [1.9-3.0]","11.2 [10.2-12.3]","15.1 [13.9-16.5]"
"Algeria","2012","MICS","11.9 [10.7-13.2]","11.4 [10.3-12.5]","2.8 [2.3-3.3]","3.4 [2.9-4.0]","2.8 [2.3-3.3]","5.8 [5.1-6.7]","0.8 [0.6-1.1]","2.1 [1.7-2.6]","9.8 [8.8-10.9]","15.8 [14.5-17.2]"
"Angola","2015","DHS","41.2 [38.9-43.5]","32.7 [30.2-35.2]","19.2 [17.5-21.0]","18.8 [17.1-20.7]","3.6 [3.0-4.5]","6.7 [5.7-7.9]","0.6 [0.4-0.9]","1.6 [1.2-2.3]","2.4 [1.8-3.2]","4.8 [3.7-6.0]"
"Armenia","2015","DHS","7.1 [5.5-9.0]","12.9 [10.2-16.2]","2.4 [1.5-3.9]","3.0 [1.9-4.8]","5.3 [3.8-7.3]","3.2 [2.1-4.8]","2.2 [1.4-3.5]","1.0 [0.5-2.3]","12.9 [10.4-15.8]","14.9 [11.9-18.4]"
"Armenia","2010","DHS","23.1 [19.1-27.5]","18.0 [14.8-21.7]","4.8 [3.2-7.1]","5.9 [4.0-8.6]","3.9 [2.5-6.0]","4.4 [2.9-6.7]","1.9 [1.0-3.7]","2.1 [1.0-4.0]","17.6 [14.5-21.2]","15.0 [12.1-18.5]"
"Armenia","2005","DHS","16.9 [12.7-22.2]","19.2 [14.4-25.1]","3.3 [2.2-4.9]","5.4 [3.3-8.7]","4.2 [2.7-6.6]","6.9 [4.3-10.8]","2.4 [1.2-4.4]","3.0 [1.4-6.1]","11.2 [8.7-14.3]","11.6 [8.9-15.0]"
"Armenia","2000","DHS","20.2 [16.9-23.9]","12.6 [9.8-16.1]","2.1 [1.3-3.3]","3.3 [2.0-5.4]","1.4 [0.6-3.2]","4.5 [2.9-6.8]","0.3 [0.1-1.1]","1.5 [0.8-3.0]","14.5 [11.8-17.7]","17.6 [14.5-21.1]"
"Azerbaijan","2006","DHS","33.3 [29.2-37.7]","18.1 [15.1-21.5]","9.0 [6.3-12.8]","7.7 [5.9-9.9]","3.6 [2.5-5.2]","10.8 [8.5-13.6]","1.4 [0.7-2.9]","3.2 [1.9-5.4]","16.8 [14.1-19.9]","10.2 [8.0-12.9]"
"Bangladesh","2019","MICS","30.4 [29.4-31.4]","24.3 [23.2-25.4]","24.8 [24.0-25.7]","19.3 [18.3-20.2]","9.5 [8.9-10.1]","10.4 [9.7-11.2]","1.9 [1.6-2.2]","2.8 [2.4-3.2]","1.9 [1.6-2.3]","3.2 [2.8-3.7]"
"Bangladesh","2014","DHS","41.5 [39.2-43.9]","28.6 [26.4-30.9]","37.1 [34.9-39.4]","26.8 [24.6-29.0]","12.5 [11.4-13.7]","17.1 [14.8-19.6]","2.1 [1.7-2.8]","4.8 [3.7-6.1]","1.2 [0.9-1.7]","2.1 [1.3-3.3]"
"Bangladesh","2012","MICS","47.3 [46.0-48.6]","33.8 [32.5-35.2]","35.5 [34.3-36.8]","26.4 [25.1-27.7]","8.6 [8.0-9.2]","11.4 [10.5-12.4]","1.2 [1.0-1.5]","2.3 [1.9-2.7]","1.3 [1.1-1.7]","2.0 [1.6-2.5]"
"Bangladesh","2011","DHS","45.3 [43.3-47.4]","34.8 [32.7-36.9]","41.9 [40.0-43.8]","28.5 [26.4-30.7]","15.9 [14.7-17.1]","15.3 [13.7-17.1]","3.7 [3.0-4.5]","4.9 [4.0-6.0]","1.3 [0.9-1.7]","2.8 [2.2-3.6]"
"Bangladesh","2007","DHS","50.9 [48.6-53.3]","32.1 [29.8-34.5]","46.1 [44.0-48.1]","34.4 [31.9-37.0]","15.5 [14.0-17.2]","20.3 [18.3-22.4]","2.0 [1.5-2.7]","4.2 [3.3-5.3]","1.0 [0.7-1.5]","1.2 [0.7-1.9]"
"Bangladesh","2004","DHS","57.0 [54.7-59.2]","40.7 [38.1-43.3]","45.4 [43.1-47.8]","38.8 [36.4-41.2]","12.4 [11.4-13.4]","18.2 [16.4-20.2]","2.4 [1.9-3.1]","5.2 [4.2-6.5]","0.4 [0.2-0.8]","1.7 [1.2-2.4]"
"Bangladesh","1999","DHS","58.6 [56.5-60.7]","41.2 [39.2-43.3]","45.2 [43.3-47.1]","38.7 [36.5-41.0]","9.4 [8.4-10.5]","16.6 [14.8-18.6]","1.4 [1.0-1.9]","4.0 [3.3-4.8]","0.8 [0.5-1.2]","1.1 [0.7-1.6]"
"Bangladesh","1996","DHS","68.6 [66.7-70.6]","47.0 [44.5-49.4]","56.7 [54.7-58.8]","49.0 [46.5-51.6]","15.2 [13.7-16.8]","28.9 [26.8-31.1]","4.2 [3.4-5.1]","10.7 [9.3-12.3]","2.2 [1.7-2.8]","2.7 [2.0-3.5]"
"Barbados","2012","MICS","5.8 [3.4-9.6]","11.4 [6.8-18.4]","2.3 [1.1-5.1]","5.6 [2.8-11.0]","3.2 [1.5-6.6]","13.0 [8.1-20.2]","0.9 [0.2-3.8]","3.8 [1.5-9.3]","9.8 [6.7-14.0]","16.5 [10.4-25.1]"
"Belarus","2005","MICS","3.6 [2.7-4.8]","5.6 [4.1-7.7]","0.7 [0.4-1.1]","2.1 [1.1-3.8]","2.0 [1.4-2.8]","2.5 [1.4-4.6]","0.6 [0.3-1.1]","0.7 [0.2-2.1]","7.3 [6.0-8.8]","13.2 [11.3-15.3]"
"Belize","2015","MICS","16.9 [14.3-19.9]","11.8 [9.3-14.7]","4.9 [3.8-6.4]","4.0 [2.6-6.0]","1.6 [0.9-2.5]","2.1 [1.2-3.6]","0.2 [0.1-0.6]","1.0 [0.5-1.9]","7.4 [5.9-9.3]","7.2 [5.3-9.6]"
"Belize","2011","MICS","20.2 [16.9-23.9]","17.9 [14.9-21.4]","6.9 [5.5-8.5]","5.0 [3.6-7.0]","3.4 [2.5-4.8]","3.0 [1.9-4.8]","1.2 [0.6-2.4]","1.2 [0.5-2.5]","7.2 [5.5-9.3]","8.9 [6.7-11.7]"
"Belize","2006","MICS","23.5 [18.6-29.2]","19.8 [15.6-25.0]","6.5 [4.3-9.9]","2.8 [1.3-5.7]","2.2 [1.2-4.0]","1.5 [0.5-4.0]","0.9 [0.3-2.5]","0.7 [0.2-3.0]","11.6 [9.1-14.6]","16.9 [12.7-22.1]"
"Benin","2017","DHS","36.9 [35.3-38.6]","25.7 [24.4-27.1]","16.6 [15.5-17.7]","17.2 [15.9-18.5]","2.9 [2.5-3.4]","7.7 [6.9-8.6]","0.4 [0.3-0.6]","1.8 [1.5-2.2]","1.4 [1.1-1.7]","2.6 [2.2-3.1]"
"Benin","2014","MICS","39.4 [37.5-41.3]","26.4 [24.5-28.3]","18.7 [17.4-20.1]","17.1 [15.6-18.6]","2.9 [2.5-3.4]","6.7 [5.8-7.7]","0.4 [0.2-0.6]","1.6 [1.2-2.1]","1.3 [1.0-1.7]","2.4 [1.9-3.0]"
"Benin","2001","DHS","45.6 [43.0-48.3]","25.6 [23.8-27.6]","18.7 [16.8-20.8]","20.3 [18.6-22.2]","3.4 [2.7-4.3]","16.1 [14.7-17.7]","1.1 [0.8-1.6]","5.4 [4.5-6.5]","2.3 [1.7-3.0]","3.5 [2.7-4.5]"
"Bhutan","2010","MICS","37.4 [34.7-40.1]","27.4 [24.8-30.2]","14.1 [12.5-15.8]","10.5 [9.1-12.1]","3.7 [3.0-4.6]","9.2 [7.7-10.8]","0.9 [0.6-1.4]","3.8 [3.0-4.8]","6.0 [4.9-7.4]","9.9 [8.2-11.9]"
"Bolivia (Plurinational State of)","2008","DHS","31.4 [29.4-33.4]","20.9 [19.1-22.9]","3.7 [3.1-4.4]","5.6 [4.6-6.7]","0.5 [0.3-0.8]","2.7 [2.1-3.5]","0.1 [0.1-0.3]","1.0 [0.7-1.4]","8.2 [7.2-9.3]","9.3 [8.1-10.7]"
"Bolivia (Plurinational State of)","2003","DHS","36.5 [34.8-38.3]","25.6 [23.9-27.5]","4.8 [4.2-5.6]","7.5 [6.6-8.6]","1.0 [0.7-1.3]","3.0 [2.5-3.7]","0.4 [0.3-0.6]","1.1 [0.8-1.6]","8.4 [7.5-9.4]","10.6 [9.3-12.0]"
"Bolivia (Plurinational State of)","1998","DHS","37.3 [35.2-39.6]","27.4 [25.4-29.5]","5.2 [4.4-6.1]","6.9 [5.9-7.9]","0.7 [0.5-1.1]","3.0 [2.3-3.8]","0.4 [0.2-0.7]","1.3 [0.9-1.8]","9.7 [8.6-11.0]","12.0 [10.5-13.7]"
"Bosnia and Herzegovina","2011","MICS","6.1 [4.3-8.5]","13.3 [9.6-18.2]","1.0 [0.4-2.6]","2.4 [1.2-4.7]","1.8 [0.9-3.3]","3.3 [1.6-6.6]","1.2 [0.5-2.8]","2.2 [0.8-5.9]","16.7 [13.8-20.0]","18.5 [14.7-23.0]"
"Bosnia and Herzegovina","2006","MICS","11.1 [8.8-13.8]","13.0 [10.7-15.6]","1.6 [0.9-2.8]","1.6 [0.8-3.1]","2.7 [1.7-4.3]","6.1 [4.3-8.5]","1.3 [0.7-2.7]","1.7 [1.1-2.7]","26.3 [23.0-29.8]","24.8 [21.4-28.6]"
"Brazil","1996","DHS","13.5 [11.9-15.1]","12.4 [10.7-14.2]","4.5 [3.6-5.6]","4.6 [3.7-5.7]","2.1 [1.5-3.0]","3.8 [3.0-5.0]","0.4 [0.2-0.7]","1.8 [1.2-2.7]","4.7 [3.8-5.8]","8.0 [6.6-9.7]"
"Burkina Faso","2010","DHS","40.8 [38.8-42.8]","26.0 [24.3-27.9]","24.4 [22.8-25.9]","28.9 [26.8-31.0]","9.1 [7.8-10.6]","24.8 [22.8-26.9]","3.2 [2.4-4.3]","9.8 [8.7-11.2]","3.0 [2.4-3.7]","2.5 [1.9-3.3]"
"Burkina Faso","1998","DHS","54.8 [52.1-57.5]","27.8 [25.5-30.2]","30.8 [28.2-33.6]","31.0 [28.3-33.8]","7.3 [6.1-8.6]","24.5 [22.3-26.9]","2.2 [1.6-2.9]","9.0 [7.5-10.7]","2.0 [1.4-2.7]","1.8 [1.2-2.8]"
"Burundi","2016","DHS","62.8 [60.6-64.9]","46.1 [43.8-48.4]","31.8 [29.9-33.8]","25.8 [23.9-27.7]","3.4 [2.8-4.1]","7.6 [6.6-8.9]","0.7 [0.5-1.1]","1.2 [0.8-1.7]","1.1 [0.8-1.6]","1.7 [1.2-2.3]"
"Burundi","2010","DHS","64.8 [62.6-67.0]","47.8 [45.0-50.6]","29.4 [27.1-31.7]","28.8 [26.3-31.5]","3.6 [2.8-4.6]","9.2 [7.6-11.2]","0.4 [0.2-0.8]","2.8 [2.0-3.8]","2.4 [1.8-3.2]","3.4 [2.6-4.6]"
"Cambodia","2014","DHS","38.1 [35.7-40.5]","24.5 [22.2-27.0]","29.3 [27.0-31.6]","17.0 [14.9-19.2]","8.6 [7.3-10.0]","11.4 [9.5-13.5]","1.6 [1.1-2.3]","3.7 [2.8-4.9]","1.3 [0.9-1.9]","3.6 [2.5-5.0]"
"Cambodia","2010","DHS","47.1 [44.4-49.8]","28.7 [26.1-31.6]","34.2 [31.8-36.8]","20.8 [18.6-23.3]","9.1 [7.6-10.9]","14.0 [12.1-16.1]","2.3 [1.5-3.5]","3.4 [2.5-4.7]","1.5 [1.0-2.2]","2.5 [1.8-3.7]"
"Cambodia","2005","DHS","50.9 [48.2-53.7]","31.0 [27.9-34.4]","32.9 [30.6-35.3]","21.6 [19.2-24.2]","6.8 [5.6-8.1]","11.0 [9.3-13.0]","1.0 [0.6-1.6]","2.9 [2.0-4.1]","1.2 [0.7-1.9]","2.3 [1.6-3.3]"
"Cambodia","2000","DHS","57.1 [54.5-59.8]","36.1 [33.1-39.1]","46.3 [43.7-48.8]","29.4 [26.9-32.1]","15.1 [13.3-17.2]","20.2 [17.7-22.9]","6.3 [5.1-7.8]","9.5 [7.8-11.7]","2.5 [1.8-3.4]","6.3 [4.9-8.1]"
"Cameroon","2018","DHS","30.1 [28.0-32.3]","27.2 [24.6-29.9]","11.0 [9.2-13.2]","11.0 [9.2-13.2]","3.3 [2.3-4.7]","5.8 [4.5-7.4]","1.3 [0.9-2.0]","2.0 [1.4-3.0]","9.9 [8.2-11.9]","12.7 [10.4-15.6]"
"Cameroon","2014","MICS","37.2 [34.7-39.8]","23.9 [22.2-25.7]","15.7 [13.5-18.1]","13.5 [11.7-15.4]","3.8 [3.0-4.8]","7.3 [6.0-8.9]","0.8 [0.6-1.3]","2.0 [1.4-2.8]","5.9 [5.0-6.9]","7.9 [6.6-9.3]"
"Cameroon","2011","DHS","38.6 [36.6-40.6]","24.7 [22.8-26.7]","15.6 [14.1-17.1]","14.7 [13.0-16.5]","3.1 [2.5-3.8]","9.2 [7.9-10.6]","1.1 [0.8-1.6]","3.1 [2.4-4.0]","5.7 [4.9-6.7]","7.5 [6.2-9.1]"
"Cameroon","2006","MICS","45.6 [42.8-48.4]","27.2 [24.8-29.7]","16.6 [14.5-18.9]","16.5 [14.3-18.9]","3.2 [2.4-4.3]","13.4 [11.5-15.5]","0.9 [0.6-1.4]","4.9 [3.7-6.6]","11.9 [10.3-13.7]","8.6 [7.1-10.3]"
"Cameroon","2004","DHS","40.2 [37.3-43.1]","29.6 [27.4-32.0]","15.2 [13.5-17.1]","14.9 [13.2-16.8]","3.7 [2.9-4.7]","9.5 [8.2-11.0]","1.0 [0.6-1.7]","4.0 [3.0-5.2]","9.2 [7.8-10.8]","8.4 [6.7-10.3]"
"Central African Republic","2018","MICS","47.9 [45.8-50.0]","27.0 [25.1-29.0]","24.2 [22.6-26.0]","17.2 [15.7-18.7]","3.8 [3.1-4.7]","7.8 [6.8-8.9]","0.9 [0.7-1.3]","2.3 [1.8-3.1]","3.1 [2.5-3.8]","3.4 [2.6-4.3]"
"Central African Republic","2010","MICS","50.3 [47.9-52.6]","28.1 [26.2-30.0]","25.8 [24.0-27.7]","20.3 [18.7-22.1]","4.6 [3.9-5.4]","11.1 [9.8-12.5]","1.3 [0.9-1.7]","2.7 [2.1-3.3]","1.6 [1.2-2.1]","2.1 [1.7-2.7]"
"Central African Republic","2006","MICS","54.4 [51.7-57.2]","31.3 [28.9-33.8]","29.5 [27.1-32.1]","22.3 [20.4-24.3]","8.5 [7.0-10.4]","16.4 [14.7-18.3]","3.7 [2.7-5.1]","6.6 [5.6-7.7]","7.8 [6.6-9.1]","10.2 [8.3-12.5]"
"Chad","2019","MICS","42.3 [40.9-43.6]","30.0 [28.6-31.4]","29.3 [28.1-30.6]","28.9 [27.5-30.3]","11.3 [10.5-12.2]","18.5 [17.2-19.8]","3.3 [2.9-3.7]","6.6 [6.0-7.4]","2.2 [1.8-2.7]","2.6 [2.2-3.1]"
"Chad","2014","DHS","48.7 [46.8-50.6]","25.7 [24.1-27.3]","33.0 [31.4-34.6]","23.8 [22.3-25.5]","10.2 [9.2-11.2]","18.1 [16.5-19.8]","3.3 [2.7-4.1]","6.1 [5.2-7.2]","3.2 [2.7-3.8]","2.2 [1.8-2.8]"
"Chad","2010","MICS","44.5 [41.9-47.0]","31.1 [29.3-32.9]","31.3 [28.7-34.1]","29.1 [27.2-31.1]","11.2 [9.4-13.2]","20.3 [18.7-21.9]","4.3 [3.2-5.8]","7.3 [6.3-8.3]","3.3 [2.6-4.3]","2.3 [1.8-2.9]"
"Chad","2004","DHS","56.1 [53.7-58.5]","28.7 [26.4-31.1]","37.3 [34.5-40.2]","29.2 [26.0-32.6]","10.6 [9.1-12.3]","23.7 [20.8-26.9]","4.2 [3.4-5.2]","9.7 [7.9-11.9]","4.9 [3.8-6.2]","3.5 [2.5-4.8]"
"Chad","1996","DHS","56.2 [54.4-58.0]","30.7 [28.4-33.1]","38.2 [36.3-40.2]","29.5 [27.4-31.7]","10.9 [9.6-12.2]","23.4 [21.8-25.0]","3.3 [2.6-4.1]","9.4 [8.2-10.9]","2.7 [2.1-3.4]","2.7 [2.0-3.6]"
"Colombia","2000","DHS","19.9 [18.0-21.9]","15.8 [14.1-17.6]","5.3 [4.3-6.4]","4.5 [3.6-5.6]","0.5 [0.3-0.9]","1.7 [1.2-2.5]","0.2 [0.1-0.5]","0.6 [0.3-1.1]","4.2 [3.4-5.2]","6.8 [5.6-8.3]"
"Colombia","1995","DHS","22.6 [20.7-24.6]","15.5 [13.9-17.3]","6.9 [5.9-8.1]","5.4 [4.4-6.6]","1.5 [1.0-2.1]","1.9 [1.4-2.7]","0.5 [0.3-1.0]","0.6 [0.3-1.1]","4.1 [3.3-5.0]","5.1 [4.1-6.3]"
"Comoros","2012","DHS","31.4 [28.6-34.4]","30.7 [27.3-34.3]","17.4 [15.1-20.1]","16.3 [14.0-18.7]","8.4 [7.0-10.1]","15.3 [13.0-17.9]","3.6 [2.6-4.9]","5.8 [4.4-7.7]","10.7 [9.0-12.8]","10.5 [8.6-12.7]"
"Congo","2014","MICS","21.5 [19.6-23.5]","20.7 [18.7-22.9]","11.3 [10.0-12.7]","13.7 [12.1-15.5]","6.1 [4.9-7.6]","11.3 [9.5-13.3]","2.1 [1.5-3.0]","3.4 [2.4-4.8]","5.2 [3.9-6.9]","7.1 [5.2-9.5]"
"Congo","2011","DHS","26.6 [24.3-29.1]","21.7 [19.0-24.6]","11.3 [9.8-13.0]","12.3 [10.2-14.8]","4.5 [3.3-5.9]","8.0 [6.6-9.8]","1.0 [0.6-1.6]","2.6 [1.8-3.7]","3.5 [2.4-5.1]","3.5 [2.6-4.8]"
"Congo","2005","DHS","35.8 [32.7-39.1]","25.0 [22.7-27.4]","12.5 [10.7-14.6]","11.0 [9.7-12.5]","5.9 [4.8-7.4]","10.5 [8.9-12.4]","2.0 [1.3-3.0]","4.4 [3.4-5.8]","8.2 [6.8-9.9]","9.1 [7.3-11.2]"
"Costa Rica","2018","MICS","9.6 [6.0-14.9]","7.9 [5.9-10.6]","3.0 [2.1-4.2]","2.7 [1.7-4.4]","1.8 [1.2-2.9]","1.7 [0.9-2.9]","0.2 [0.0-0.7]","0.1 [0.0-0.4]","7.2 [5.7-9.2]","8.1 [5.5-11.7]"
"Côte d'Ivoire","2016","MICS","25.2 [23.4-27.2]","16.5 [14.9-18.3]","12.4 [11.3-13.7]","13.3 [11.9-14.8]","3.4 [2.8-4.1]","9.9 [8.7-11.2]","0.5 [0.3-0.9]","2.2 [1.7-2.9]","1.2 [0.8-1.8]","1.9 [1.4-2.5]"
"Côte d'Ivoire","2011","DHS","34.3 [31.6-37.2]","24.0 [21.4-26.9]","14.7 [12.8-17.0]","17.0 [14.9-19.4]","3.8 [2.8-5.1]","12.7 [10.8-14.9]","0.6 [0.4-1.1]","3.4 [2.4-4.7]","2.8 [2.1-3.9]","3.7 [2.7-5.1]"
"Côte d'Ivoire","1998","DHS","37.7 [33.5-42.1]","24.5 [21.2-28.0]","17.5 [14.3-21.3]","18.9 [15.8-22.5]","4.3 [3.2-5.8]","9.6 [7.0-13.1]","1.2 [0.6-2.2]","2.5 [1.7-3.8]","4.8 [3.4-6.7]","4.6 [3.0-6.8]"
"Cuba","2019","MICS","7.5 [5.7-9.9]","6.5 [4.8-8.6]","2.7 [1.9-3.7]","1.9 [1.0-3.4]","1.7 [1.3-2.2]","2.6 [1.6-4.3]","0.5 [0.3-0.9]","0.8 [0.4-2.0]","9.8 [8.0-12.0]","11.1 [8.7-14.1]"
"Democratic Republic of the Congo","2017","MICS","47.6 [45.1-50.1]","33.2 [31.2-35.3]","25.9 [24.1-27.8]","18.9 [17.4-20.4]","5.2 [4.4-6.2]","8.2 [7.1-9.3]","1.5 [1.1-2.0]","2.9 [2.3-3.6]","2.8 [2.3-3.4]","5.3 [4.5-6.3]"
"Democratic Republic of the Congo","2013","DHS","51.8 [49.8-53.9]","29.2 [27.0-31.5]","27.7 [25.7-29.7]","17.2 [15.5-19.1]","6.1 [5.1-7.4]","11.0 [9.5-12.8]","2.1 [1.6-2.6]","4.0 [3.2-5.1]","3.3 [2.7-4.2]","6.1 [4.9-7.5]"
"Democratic Republic of the Congo","2010","MICS","52.1 [49.6-54.5]","32.8 [30.8-34.8]","27.2 [25.1-29.4]","20.5 [18.8-22.4]","6.2 [5.2-7.3]","11.3 [10.1-12.7]","2.1 [1.6-2.8]","3.6 [2.9-4.3]","4.6 [3.7-5.7]","5.2 [4.3-6.4]"
"Democratic Republic of the Congo","2007","DHS","55.1 [51.2-58.9]","30.7 [26.3-35.4]","30.4 [27.2-33.9]","18.1 [15.3-21.4]","7.9 [6.2-10.0]","14.4 [11.2-18.3]","3.8 [2.7-5.3]","6.6 [4.8-9.0]","6.6 [5.2-8.3]","7.9 [6.1-10.2]"
"Dominican Republic","2013","DHS","6.0 [4.8-7.6]","8.8 [7.2-10.7]","4.0 [3.0-5.4]","4.0 [2.8-5.7]","2.1 [1.3-3.3]","2.8 [1.9-4.2]","0.7 [0.3-1.9]","1.0 [0.4-2.3]","5.7 [4.6-7.0]","10.2 [8.3-12.6]"
"Dominican Republic","2007","DHS","9.7 [8.6-10.9]","10.7 [9.3-12.3]","3.1 [2.6-3.7]","3.8 [2.9-4.9]","2.1 [1.6-2.7]","2.7 [2.0-3.5]","0.7 [0.4-1.3]","1.1 [0.7-1.7]","7.5 [6.6-8.5]","9.4 [8.2-10.9]"
"Dominican Republic","2002","DHS","11.5 [10.1-13.0]","11.9 [10.5-13.5]","4.3 [3.7-5.0]","4.0 [3.4-4.8]","1.5 [1.1-1.9]","3.3 [2.6-4.2]","0.4 [0.3-0.6]","1.3 [0.9-2.0]","8.5 [7.4-9.6]","9.0 [7.7-10.4]"
"Dominican Republic","1996","DHS","14.0 [12.3-15.8]","13.0 [11.1-15.0]","4.4 [3.6-5.3]","5.2 [4.0-6.7]","1.1 [0.6-1.8]","3.3 [2.4-4.5]","0.3 [0.1-0.8]","1.0 [0.6-1.7]","6.4 [5.0-8.2]","7.0 [5.3-9.2]"
"Ecuador","2004","RHS","33.9 [31.5-36.4]","21.3 [19.0-23.8]","7.0 [6.0-8.2]","6.1 [4.8-7.7]","0.6 [0.4-0.9]","4.5 [3.5-5.8]","0.1 [0.0-0.3]","1.6 [1.0-2.4]","5.2 [4.6-5.8]","5.5 [4.5-6.6]"
"Egypt","2014","DHS","22.5 [21.0-23.9]","22.0 [20.7-23.4]","6.3 [5.6-7.0]","7.9 [7.1-8.8]","7.6 [6.8-8.4]","12.0 [10.9-13.1]","3.6 [3.2-4.2]","6.3 [5.6-7.1]","15.4 [14.2-16.6]","16.1 [15.0-17.4]"
"Egypt","2008","DHS","32.2 [30.6-33.9]","28.7 [27.0-30.3]","6.6 [5.8-7.5]","7.0 [6.2-8.0]","7.0 [6.2-8.0]","9.1 [8.2-10.2]","3.4 [2.8-4.1]","4.3 [3.6-5.1]","20.6 [19.1-22.1]","20.2 [18.8-21.7]"
"Egypt","2005","DHS","21.7 [20.6-22.9]","27.0 [25.6-28.5]","3.7 [3.2-4.2]","8.0 [7.2-8.9]","3.5 [3.0-4.0]","8.0 [7.1-9.1]","1.4 [1.2-1.7]","4.0 [3.4-4.8]","12.3 [11.4-13.3]","16.8 [15.6-18.0]"
"Egypt","2000","DHS","23.8 [22.5-25.2]","25.2 [23.7-26.8]","","","","","","","",""
"Egypt","1995","DHS","37.4 [35.7-39.2]","31.0 [29.3-32.7]","8.3 [7.5-9.2]","14.4 [13.0-15.8]","3.3 [2.8-3.9]","9.2 [8.1-10.4]","1.2 [1.0-1.5]","3.8 [3.1-4.6]","16.1 [14.8-17.5]","12.4 [11.1-13.8]"
"El Salvador","2014","MICS","14.6 [13.1-16.1]","12.3 [10.7-14.1]","5.0 [4.2-5.9]","4.9 [3.9-6.2]","1.5 [1.1-2.1]","3.0 [2.3-3.9]","0.2 [0.1-0.4]","0.6 [0.4-1.1]","6.7 [5.7-7.8]","5.9 [4.9-7.2]"
"El Salvador","2008","RHS","22.8 [20.7-25.1]","17.9 [15.5-20.7]","7.0 [5.6-8.7]","6.2 [4.7-8.1]","1.1 [0.4-2.6]","2.3 [1.6-3.2]","0.5 [0.2-1.3]","0.5 [0.2-1.0]","5.4 [4.5-6.6]","6.0 [4.7-7.6]"
"El Salvador","2002","RHS","28.3 [24.5-32.5]","18.6 [16.0-21.5]","6.3 [4.8-8.1]","6.0 [4.5-7.9]","0.8 [0.5-1.4]","2.1 [1.3-3.3]","0.3 [0.1-0.6]","0.3 [0.1-0.9]","5.2 [4.0-6.7]","6.8 [4.6-9.8]"
"El Salvador","1998","RHS","37.1 [34.9-39.4]","25.1 [22.5-27.9]","10.5 [9.1-12.0]","8.4 [7.0-10.0]","0.9 [0.6-1.2]","2.4 [1.8-3.3]","0.2 [0.1-0.4]","0.7 [0.3-1.2]","3.4 [2.8-4.2]","4.6 [3.6-6.0]"
"El Salvador","1993","RHS","38.7 [35.6-41.9]","20.9 [18.6-23.5]","8.9 [7.4-10.6]","6.8 [5.6-8.1]","0.8 [0.6-1.2]","2.6 [1.8-3.6]","0.2 [0.1-0.8]","0.9 [0.3-2.2]","3.5 [2.7-4.5]","3.9 [3.0-5.1]"
"Eswatini","2014","MICS","26.7 [24.2-29.3]","23.8 [20.8-27.1]","4.9 [3.9-6.1]","7.2 [5.4-9.7]","1.1 [0.6-1.9]","3.5 [2.0-6.0]","0.1 [0.0-0.5]","0.7 [0.3-1.5]","6.5 [5.1-8.2]","12.9 [10.5-15.8]"
"Eswatini","2010","MICS","33.4 [30.6-36.4]","27.2 [24.2-30.4]","5.7 [4.5-7.2]","6.2 [4.6-8.2]","0.2 [0.1-0.5]","1.6 [0.9-2.9]","0.1 [0.0-0.4]","0.8 [0.3-2.0]","8.1 [6.8-9.7]","14.5 [12.3-17.1]"
"Eswatini","2006","DHS","30.7 [28.3-33.1]","27.0 [23.9-30.2]","4.9 [4.1-5.9]","7.7 [6.2-9.5]","1.7 [1.1-2.4]","4.7 [3.6-6.0]","0.8 [0.4-1.4]","1.8 [1.2-2.7]","9.2 [7.9-10.7]","14.0 [12.0-16.2]"
"Ethiopia","2016","DHS","45.3 [42.9-47.8]","28.0 [25.8-30.2]","27.1 [25.2-29.0]","18.4 [16.5-20.5]","7.5 [6.5-8.6]","13.6 [12.0-15.5]","2.4 [1.8-3.2]","4.0 [3.1-5.1]","1.6 [1.2-2.3]","4.8 [3.8-6.2]"
"Ethiopia","2011","DHS","53.6 [51.5-55.6]","29.8 [27.6-32.0]","33.3 [31.3-35.4]","22.7 [20.5-25.1]","7.1 [6.1-8.2]","14.3 [12.6-16.1]","1.6 [1.2-2.2]","4.9 [3.8-6.2]","1.3 [1.0-1.8]","2.7 [2.1-3.5]"
"Ethiopia","2005","DHS","56.9 [54.3-59.5]","38.7 [35.5-42.1]","38.4 [35.7-41.1]","27.8 [24.9-31.0]","9.6 [8.0-11.6]","16.9 [14.3-19.7]","3.5 [2.6-4.7]","6.6 [5.3-8.2]","3.4 [2.6-4.4]","7.9 [6.2-9.9]"
"Ethiopia","2000","DHS","66.0 [63.9-68.0]","44.4 [42.0-46.9]","45.8 [43.7-47.8]","35.9 [33.6-38.3]","8.4 [7.4-9.4]","18.7 [16.9-20.6]","2.1 [1.7-2.7]","6.5 [5.5-7.6]","1.1 [0.8-1.5]","3.5 [2.8-4.4]"
"Gabon","2012","DHS","18.0 [15.1-21.3]","15.7 [13.2-18.7]","6.4 [5.1-8.1]","6.3 [4.9-8.1]","3.0 [2.1-4.2]","4.1 [3.0-5.5]","1.0 [0.5-1.9]","1.8 [1.1-2.9]","6.2 [4.4-8.7]","10.0 [8.0-12.5]"
"Gabon","2000","DHS","27.7 [25.2-30.4]","23.7 [21.5-26.0]","8.1 [6.9-9.6]","10.0 [8.5-11.7]","2.4 [1.7-3.3]","6.1 [4.9-7.7]","0.8 [0.4-1.5]","2.3 [1.7-3.2]","4.5 [3.3-6.0]","6.8 [5.3-8.6]"
"Gambia","2018","MICS","20.5 [19.1-22.0]","16.5 [14.8-18.3]","14.6 [13.3-16.0]","12.8 [11.5-14.3]","5.8 [5.0-6.8]","6.7 [5.7-7.9]","0.7 [0.5-1.0]","1.5 [1.1-2.2]","0.5 [0.3-0.8]","2.4 [1.8-3.1]"
"Gambia","2013","DHS","27.2 [24.7-29.8]","21.3 [18.2-24.8]","17.2 [14.8-19.8]","15.7 [13.4-18.2]","7.8 [6.2-9.8]","15.1 [12.6-18.1]","2.6 [1.6-4.2]","6.5 [4.8-8.7]","2.5 [1.4-4.3]","4.1 [3.1-5.5]"
"Gambia","2010","MICS","25.7 [23.9-27.6]","20.6 [18.8-22.5]","17.4 [15.9-19.0]","17.4 [15.8-19.2]","7.6 [6.8-8.6]","11.9 [10.7-13.1]","1.0 [0.8-1.4]","3.3 [2.8-3.9]","0.8 [0.5-1.2]","3.3 [2.6-4.2]"
"Gambia","2005","MICS","31.2 [29.6-32.8]","23.7 [22.3-25.2]","15.2 [14.1-16.3]","16.5 [14.8-18.4]","4.4 [3.8-5.1]","10.7 [9.4-12.0]","0.7 [0.4-1.1]","3.1 [2.6-3.8]","1.8 [1.3-2.5]","3.7 [3.1-4.4]"
"Georgia","2018","MICS","7.0 [5.1-9.6]","3.6 [2.2-5.8]","1.9 [1.1-3.3]","2.4 [1.0-5.7]","0.1 [0.0-0.5]","1.5 [0.5-4.0]","0.1 [0.0-0.5]","","6.5 [5.0-8.2]","5.2 [3.4-8.0]"
"Georgia","2005","MICS","15.5 [12.8-18.5]","13.2 [10.7-16.3]","1.7 [1.0-2.8]","3.4 [2.2-5.2]","2.4 [1.6-3.6]","4.0 [2.5-6.1]","0.9 [0.4-1.8]","1.4 [0.6-3.0]","20.4 [17.5-23.6]","21.6 [18.5-25.0]"
"Ghana","2017","MICS","20.0 [18.0-22.1]","13.7 [12.1-15.3]","11.1 [9.9-12.4]","14.9 [13.0-17.0]","3.6 [3.0-4.2]","12.1 [10.4-14.1]","0.2 [0.1-0.4]","2.6 [1.8-3.7]","1.3 [0.9-1.9]","1.5 [1.0-2.2]"
"Ghana","2014","DHS","23.1 [20.6-25.8]","12.7 [10.7-15.0]","11.5 [9.5-13.8]","10.7 [8.9-12.7]","2.7 [1.8-4.1]","7.6 [5.7-10.0]","0.2 [0.1-0.6]","1.4 [0.8-2.4]","2.3 [1.6-3.4]","3.1 [2.0-4.7]"
"Ghana","2011","MICS","25.9 [23.8-28.1]","18.0 [15.9-20.2]","13.2 [11.7-14.7]","13.7 [12.1-15.4]","4.0 [3.3-4.9]","9.6 [8.2-11.2]","0.8 [0.4-1.4]","2.4 [1.6-3.4]","2.1 [1.5-2.9]","3.5 [2.5-4.9]"
"Ghana","2008","DHS","33.0 [30.2-35.9]","21.4 [18.7-24.4]","13.9 [12.1-15.8]","15.1 [13.1-17.4]","3.7 [2.8-4.9]","16.2 [14.1-18.5]","0.8 [0.5-1.4]","4.9 [3.7-6.5]","5.7 [4.4-7.2]","5.7 [4.2-7.8]"
"Ghana","2006","MICS","32.7 [29.6-35.9]","21.8 [18.9-25.0]","13.1 [11.3-15.2]","15.0 [12.7-17.6]","3.5 [2.7-4.6]","9.6 [7.6-11.9]","1.1 [0.7-1.8]","2.7 [1.9-3.9]","2.0 [1.4-2.9]","3.4 [2.5-4.6]"
"Ghana","2003","DHS","41.9 [39.4-44.3]","25.9 [23.4-28.5]","18.5 [16.8-20.3]","19.9 [17.6-22.5]","4.7 [3.6-6.0]","14.1 [12.4-16.0]","1.7 [1.1-2.8]","4.5 [3.5-5.9]","4.1 [3.2-5.1]","5.1 [3.9-6.6]"
"Ghana","1998","DHS","39.5 [36.7-42.4]","20.2 [17.8-22.8]","20.7 [18.5-23.2]","19.4 [17.0-22.0]","5.0 [4.0-6.3]","16.2 [14.1-18.6]","0.9 [0.5-1.7]","4.5 [3.4-5.8]","2.1 [1.4-3.1]","3.5 [2.5-4.8]"
"Guatemala","2014","DHS","49.5 [47.7-51.4]","42.4 [40.4-44.5]","12.7 [11.6-14.0]","11.8 [10.6-13.1]","0.6 [0.4-0.9]","1.0 [0.7-1.4]","0.2 [0.1-0.4]","0.1 [0.0-0.3]","3.3 [2.8-3.8]","7.5 [6.7-8.4]"
"Guatemala","2008","RHS","54.0 [51.5-56.5]","46.6 [45.0-48.1]","13.9 [12.8-15.1]","14.5 [12.3-17.1]","0.6 [0.4-1.0]","1.8 [1.2-2.8]","0.1 [0.0-0.4]","0.2 [0.1-0.5]","3.6 [3.1-4.2]","3.7 [2.9-4.8]"
"Guatemala","2002","RHS","58.5 [54.9-62.0]","48.4 [45.4-51.3]","19.0 [16.8-21.4]","16.8 [15.0-18.8]","1.0 [0.7-1.3]","3.6 [2.8-4.7]","0.3 [0.1-0.7]","1.8 [1.2-2.8]","4.3 [3.6-5.3]","6.6 [5.7-7.7]"
"Guatemala","1998","DHS","59.2 [53.5-64.7]","44.5 [39.1-50.0]","21.0 [17.7-24.6]","19.4 [15.3-24.3]","1.5 [0.9-2.4]","4.9 [3.3-7.2]","0.7 [0.4-1.5]","2.4 [1.4-4.1]","5.3 [4.1-6.9]","9.2 [7.3-11.6]"
"Guatemala","1995","DHS","63.7 [60.0-67.2]","44.9 [42.1-47.8]","23.9 [21.7-26.2]","19.0 [17.2-20.9]","2.8 [2.3-3.4]","5.1 [4.3-6.1]","1.1 [0.8-1.5]","2.0 [1.4-2.8]","4.4 [3.7-5.3]","8.5 [7.3-9.9]"
"Guinea","2018","DHS","31.9 [29.7-34.2]","27.7 [25.0-30.6]","16.3 [14.7-17.9]","16.3 [14.4-18.4]","8.3 [7.0-9.8]","10.8 [9.0-12.9]","3.3 [2.4-4.5]","4.2 [3.2-5.4]","4.9 [3.8-6.2]","7.0 [5.6-8.6]"
"Guinea","2016","MICS","35.8 [33.7-37.9]","27.1 [25.0-29.4]","19.0 [17.3-20.7]","17.2 [15.5-19.0]","6.1 [5.2-7.1]","11.3 [9.9-12.8]","2.1 [1.5-2.8]","4.4 [3.5-5.4]","3.4 [2.6-4.5]","4.9 [3.9-6.1]"
"Guinea","2012","DHS","38.7 [36.2-41.2]","19.9 [17.3-22.7]","20.2 [18.2-22.3]","16.6 [14.4-19.1]","6.0 [4.8-7.6]","15.8 [13.8-18.1]","2.2 [1.6-2.9]","6.9 [5.5-8.5]","3.4 [2.6-4.4]","4.3 [3.2-5.9]"
"Guinea","2005","DHS","49.2 [46.3-52.1]","26.9 [23.8-30.2]","24.7 [22.2-27.3]","20.3 [17.6-23.4]","6.4 [5.2-7.9]","16.4 [13.9-19.3]","2.1 [1.4-3.1]","6.7 [5.0-8.7]","3.9 [3.0-5.2]","7.0 [5.6-8.7]"
"Guinea","1999","DHS","38.1 [35.2-41.2]","24.7 [22.5-27.1]","17.8 [15.9-19.8]","22.0 [19.9-24.4]","4.5 [3.5-5.7]","15.7 [13.9-17.7]","1.6 [1.0-2.4]","6.7 [5.5-8.1]","3.9 [3.0-4.9]","5.3 [4.3-6.5]"
"Guinea-Bissau","2018","MICS","29.2 [27.2-31.2]","25.3 [23.3-27.5]","16.9 [15.5-18.4]","15.3 [13.8-16.8]","4.5 [3.8-5.4]","6.0 [5.1-7.2]","0.7 [0.4-1.1]","1.5 [1.1-2.2]","1.7 [1.3-2.3]","3.8 [3.1-4.8]"
"Guinea-Bissau","2014","MICS","31.4 [29.2-33.6]","22.4 [20.5-24.5]","18.8 [17.0-20.6]","14.7 [13.1-16.3]","5.2 [4.4-6.0]","7.2 [6.2-8.3]","1.1 [0.8-1.6]","1.8 [1.2-2.7]","1.4 [1.0-1.8]","3.7 [2.9-4.6]"
"Guyana","2014","MICS","11.4 [9.3-13.9]","11.1 [8.7-14.1]","8.7 [7.1-10.5]","7.5 [5.6-10.0]","6.5 [5.1-8.2]","6.4 [4.9-8.3]","1.6 [1.1-2.4]","1.8 [1.2-2.8]","5.5 [4.2-7.2]","4.9 [3.5-6.8]"
"Guyana","2009","DHS","18.4 [15.2-22.1]","20.7 [17.3-24.5]","9.5 [7.4-12.3]","13.2 [10.5-16.6]","4.4 [3.1-6.4]","7.1 [4.9-10.0]","0.6 [0.3-1.5]","2.2 [1.2-4.1]","5.8 [4.2-8.0]","8.4 [5.8-11.9]"
"Guyana","2006","MICS","16.9 [14.2-19.9]","19.9 [16.4-23.9]","10.1 [8.2-12.4]","11.9 [9.4-14.9]","7.0 [5.2-9.4]","10.9 [8.5-13.9]","1.4 [0.8-2.6]","4.8 [3.3-7.1]","5.6 [3.9-8.0]","8.9 [6.8-11.7]"
"Haiti","2016","DHS","24.6 [22.7-26.5]","17.6 [15.7-19.6]","9.2 [8.1-10.4]","10.0 [8.5-11.6]","2.2 [1.7-2.8]","6.3 [5.2-7.6]","0.4 [0.2-0.9]","1.5 [0.9-2.3]","2.8 [2.2-3.5]","4.3 [3.5-5.4]"
"Haiti","2012","DHS","26.4 [24.0-28.8]","16.2 [14.1-18.5]","11.8 [10.2-13.6]","11.4 [9.8-13.3]","3.5 [2.7-4.4]","7.4 [6.1-8.9]","1.0 [0.6-1.6]","1.6 [1.1-2.5]","2.9 [2.1-4.0]","4.6 [3.6-5.9]"
"Haiti","2005","DHS","32.6 [29.6-35.8]","25.2 [22.4-28.1]","18.9 [16.7-21.4]","18.8 [16.4-21.4]","8.8 [6.8-11.2]","12.4 [9.8-15.7]","3.0 [2.2-4.2]","3.7 [2.5-5.3]","2.6 [1.8-3.6]","5.9 [4.6-7.6]"
"Haiti","2000","DHS","33.8 [30.6-37.2]","21.4 [18.6-24.5]","14.9 [12.5-17.7]","12.4 [9.9-15.5]","3.4 [2.5-4.6]","8.7 [7.4-10.3]","1.2 [0.8-1.7]","2.0 [1.5-2.8]","2.0 [1.4-2.8]","4.6 [3.4-6.3]"
"Haiti","1994","DHS","44.4 [41.1-47.7]","28.0 [25.2-31.0]","26.7 [24.1-29.6]","20.1 [17.9-22.6]","6.6 [5.5-7.9]","12.8 [11.2-14.7]","1.8 [1.2-2.6]","4.7 [3.6-6.3]","2.6 [1.8-3.8]","6.5 [4.7-8.7]"
"Honduras","2011","DHS","27.2 [25.6-28.8]","16.5 [15.2-17.8]","7.9 [7.1-8.7]","6.1 [5.4-6.9]","0.9 [0.7-1.2]","2.0 [1.6-2.5]","0.1 [0.0-0.2]","0.6 [0.4-0.9]","4.7 [4.1-5.3]","5.8 [5.0-6.7]"
"Honduras","2005","DHS","34.1 [32.6-35.6]","22.5 [21.1-24.0]","9.5 [8.6-10.4]","7.2 [6.4-8.1]","0.9 [0.7-1.2]","2.1 [1.7-2.7]","0.3 [0.2-0.4]","0.4 [0.3-0.8]","5.1 [4.4-5.8]","7.0 [6.0-8.0]"
"Honduras","2001","RHS","42.4 [39.8-45.1]","24.7 [22.4-27.1]","14.4 [12.8-16.1]","10.3 [8.9-11.9]","0.8 [0.5-1.1]","2.0 [1.5-2.7]","0.1 [0.0-0.3]","0.3 [0.2-0.7]","2.5 [2.0-3.0]","3.8 [3.1-4.7]"
"Honduras","1991","RHS","51.5 [48.4-54.6]","31.5 [29.1-34.1]","16.2 [14.4-18.2]","13.4 [11.8-15.2]","1.5 [1.1-2.0]","3.6 [2.9-4.5]","0.2 [0.1-0.4]","0.9 [0.6-1.4]","2.5 [1.9-3.2]","3.6 [3.0-4.4]"
"India","2015","DHS","41.4 [41.0-41.8]","32.6 [32.1-33.0]","38.7 [38.3-39.1]","32.6 [32.2-33.1]","18.0 [17.6-18.3]","25.1 [24.7-25.6]","6.1 [5.9-6.4]","10.0 [9.7-10.3]","1.8 [1.6-1.9]","3.4 [3.3-3.6]"
"India","2005","DHS","53.1 [52.1-54.1]","39.5 [38.4-40.6]","46.1 [45.1-47.1]","39.6 [38.5-40.6]","16.0 [15.4-16.7]","26.3 [25.4-27.3]","4.8 [4.5-5.2]","9.9 [9.2-10.5]","1.3 [1.2-1.6]","2.8 [2.5-3.2]"
"Iraq","2018","MICS","13.4 [11.7-15.2]","11.4 [10.0-13.0]","3.6 [2.9-4.4]","4.6 [3.9-5.3]","1.7 [1.4-2.2]","5.2 [4.5-6.0]","0.5 [0.3-0.7]","1.6 [1.2-2.1]","5.4 [4.5-6.4]","7.2 [6.1-8.4]"
"Iraq","2011","MICS","21.1 [20.1-22.2]","23.3 [22.2-24.6]","6.1 [5.6-6.8]","8.7 [8.0-9.5]","4.9 [4.4-5.6]","8.7 [7.9-9.5]","1.9 [1.6-2.3]","3.7 [3.2-4.2]","10.2 [9.4-11.1]","13.0 [12.0-14.0]"
"Iraq","2006","MICS","27.8 [26.5-29.2]","27.0 [25.5-28.5]","5.8 [5.2-6.5]","8.8 [8.0-9.7]","4.7 [4.1-5.3]","7.2 [6.5-8.1]","1.9 [1.6-2.3]","3.9 [3.4-4.5]","13.6 [12.5-14.7]","16.9 [15.7-18.2]"
"Jordan","2012","DHS","6.6 [5.6-7.8]","9.6 [7.8-11.9]","2.9 [2.1-3.9]","3.2 [2.2-4.7]","2.4 [1.7-3.3]","2.5 [1.7-3.7]","0.4 [0.2-0.9]","1.0 [0.6-1.9]","3.3 [2.6-4.2]","7.1 [5.4-9.1]"
"Jordan","2002","DHS","12.1 [10.7-13.6]","11.1 [9.4-13.0]","4.0 [3.3-4.8]","3.4 [2.5-4.5]","1.7 [1.2-2.4]","3.5 [2.5-5.0]","0.6 [0.3-1.1]","1.1 [0.6-2.0]","3.5 [2.7-4.5]","5.9 [4.8-7.2]"
"Jordan","1997","DHS","11.2 [10.1-12.5]","10.8 [9.4-12.4]","3.7 [3.1-4.5]","4.0 [3.1-5.1]","1.9 [1.4-2.4]","3.1 [2.4-4.0]","0.6 [0.4-1.0]","0.6 [0.3-1.0]","3.1 [2.5-3.7]","6.2 [5.3-7.2]"
"Kazakhstan","2015","MICS","8.6 [7.4-10.0]","7.1 [5.6-9.0]","1.8 [1.3-2.6]","2.1 [1.5-3.0]","1.8 [1.4-2.5]","5.1 [4.0-6.5]","0.6 [0.4-0.9]","1.8 [1.2-2.6]","8.3 [6.8-10.0]","11.0 [9.1-13.3]"
"Kazakhstan","2010","MICS","11.5 [10.1-13.0]","15.4 [13.5-17.6]","2.8 [2.2-3.7]","4.8 [3.8-6.1]","3.1 [2.4-4.1]","5.4 [4.2-6.9]","1.2 [0.8-1.8]","2.3 [1.6-3.4]","11.5 [9.9-13.2]","16.0 [14.2-18.0]"
"Kazakhstan","2006","MICS","17.9 [16.0-19.9]","16.9 [14.9-19.1]","4.3 [3.5-5.4]","5.6 [4.5-7.1]","4.6 [3.6-5.7]","5.3 [4.3-6.7]","2.3 [1.7-3.2]","2.3 [1.6-3.2]","14.7 [13.0-16.5]","20.0 [18.0-22.2]"
"Kazakhstan","1999","DHS","13.9 [9.9-19.2]","12.0 [8.2-17.3]","3.0 [1.2-7.0]","5.1 [2.4-10.4]","1.8 [0.8-3.8]","3.4 [1.5-7.3]","0.7 [0.2-2.3]","1.5 [0.5-4.5]","4.3 [2.5-7.2]","6.0 [3.3-10.7]"
"Kenya","2014","DHS","28.6 [27.4-29.8]","22.5 [21.3-23.8]","12.5 [11.5-13.5]","9.3 [8.5-10.2]","3.4 [2.9-4.0]","5.4 [4.8-6.1]","0.6 [0.5-0.8]","1.6 [1.2-2.0]","2.5 [2.2-2.9]","6.7 [6.0-7.5]"
"Kenya","2008","DHS","37.2 [34.4-40.0]","33.0 [29.6-36.6]","18.4 [16.2-20.8]","13.7 [11.6-16.1]","5.9 [4.9-7.2]","8.4 [6.9-10.1]","1.7 [1.2-2.4]","2.7 [2.0-3.7]","2.8 [2.1-3.7]","8.2 [6.9-9.7]"
"Kenya","2003","DHS","39.4 [37.0-41.8]","31.1 [28.8-33.6]","17.2 [15.3-19.2]","15.5 [13.8-17.3]","4.6 [3.5-6.0]","8.4 [7.1-9.8]","1.7 [1.2-2.2]","3.4 [2.7-4.2]","3.8 [3.1-4.7]","8.4 [7.1-9.8]"
"Kenya","1993","DHS","45.5 [43.0-48.0]","32.8 [30.7-35.1]","19.9 [18.0-21.9]","18.8 [16.8-20.9]","4.9 [4.1-5.9]","9.5 [7.8-11.6]","1.8 [1.3-2.5]","3.6 [2.4-5.3]","4.7 [3.8-5.7]","7.7 [6.4-9.2]"
"Kiribati","2018","MICS","19.0 [16.7-21.5]","10.1 [8.2-12.3]","6.0 [4.7-7.6]","8.3 [6.3-10.8]","1.6 [1.0-2.6]","6.2 [4.7-8.1]","0.7 [0.3-1.7]","2.1 [1.3-3.4]","1.5 [0.9-2.5]","3.0 [1.9-4.8]"
"Kyrgyzstan","2018","MICS","12.3 [10.5-14.5]","10.8 [9.0-12.9]","1.4 [0.9-2.2]","2.6 [1.5-4.2]","1.4 [0.8-2.3]","3.1 [2.1-4.4]","0.4 [0.2-1.1]","1.1 [0.5-2.3]","5.6 [4.5-6.9]","9.0 [7.1-11.3]"
"Kyrgyzstan","2014","MICS","14.6 [12.9-16.4]","10.7 [9.0-12.6]","3.2 [2.4-4.2]","2.3 [1.6-3.2]","2.4 [1.7-3.4]","3.5 [2.6-4.6]","0.7 [0.4-1.3]","1.0 [0.6-1.9]","5.1 [4.1-6.4]","9.6 [8.0-11.4]"
"Kyrgyzstan","2012","DHS","20.3 [18.0-22.8]","14.6 [12.4-17.3]","4.2 [3.2-5.4]","3.3 [2.3-4.6]","2.1 [1.4-3.0]","3.9 [2.9-5.1]","1.1 [0.6-1.8]","1.5 [1.0-2.2]","6.8 [5.6-8.2]","11.6 [9.9-13.5]"
"Kyrgyzstan","2005","MICS","21.2 [17.9-25.0]","13.8 [11.1-17.0]","3.1 [2.1-4.6]","2.1 [1.3-3.3]","2.7 [1.6-4.3]","4.3 [2.9-6.4]","0.7 [0.4-1.3]","1.5 [0.8-2.6]","8.6 [6.6-11.0]","13.6 [10.9-16.8]"
"Lao People's Democratic Republic","2017","MICS","37.8 [36.1-39.7]","25.4 [23.8-27.1]","24.0 [22.6-25.4]","16.6 [15.3-18.1]","8.3 [7.5-9.3]","10.1 [9.1-11.2]","2.9 [2.4-3.4]","3.1 [2.5-3.8]","2.9 [2.4-3.5]","4.5 [3.8-5.3]"
"Lao People's Democratic Republic","2011","MICS","52.1 [50.0-54.2]","32.3 [30.4-34.2]","30.9 [29.0-32.7]","20.2 [18.4-22.2]","5.2 [4.5-6.0]","7.0 [6.2-8.0]","1.1 [0.8-1.5]","1.9 [1.5-2.4]","1.3 [1.1-1.7]","3.1 [2.5-3.8]"
"Lao People's Democratic Republic","2006","MICS","55.1 [52.2-58.0]","36.7 [34.0-39.5]","35.7 [33.0-38.5]","25.6 [22.8-28.6]","5.3 [4.3-6.4]","10.6 [8.8-12.8]","1.3 [0.9-1.9]","2.2 [1.6-3.0]","0.7 [0.4-1.2]","2.2 [1.5-3.1]"
"Lesotho","2018","MICS","34.6 [32.1-37.2]","34.6 [31.2-38.1]","10.2 [8.7-11.8]","11.0 [8.9-13.5]","1.6 [1.0-2.4]","2.9 [1.9-4.3]","0.6 [0.3-1.1]","1.1 [0.6-2.3]","4.7 [3.7-6.0]","9.6 [7.9-11.7]"
"Lesotho","2014","DHS","37.6 [34.4-41.0]","26.4 [22.8-30.4]","10.6 [8.7-12.9]","10.4 [7.9-13.6]","1.4 [0.9-2.4]","5.2 [3.7-7.2]","0.2 [0.1-0.6]","1.3 [0.7-2.4]","4.7 [3.4-6.3]","12.3 [9.7-15.5]"
"Lesotho","2009","DHS","44.9 [41.7-48.2]","31.0 [27.6-34.7]","13.8 [11.9-15.9]","12.9 [10.5-15.8]","2.5 [1.7-3.6]","5.8 [4.4-7.6]","0.9 [0.5-1.6]","2.5 [1.6-3.8]","4.7 [3.6-6.3]","11.2 [8.8-14.0]"
"Lesotho","2004","DHS","50.1 [46.4-53.9]","36.6 [32.7-40.7]","19.2 [16.7-22.0]","12.8 [10.5-15.5]","4.0 [2.9-5.7]","8.1 [6.0-10.8]","1.6 [1.0-2.6]","3.3 [2.1-5.0]","4.9 [3.6-6.6]","9.6 [7.5-12.3]"
"Liberia","2013","DHS","38.4 [35.1-41.8]","23.1 [20.1-26.4]","15.2 [13.2-17.3]","15.6 [12.9-18.7]","3.2 [2.3-4.2]","9.2 [7.2-11.6]","1.1 [0.7-1.8]","3.2 [2.3-4.5]","2.7 [1.9-3.8]","3.9 [2.8-5.5]"
"Liberia","2007","DHS","47.9 [45.4-50.3]","27.1 [24.4-29.9]","20.6 [18.5-22.9]","20.0 [17.7-22.7]","4.9 [3.9-6.3]","12.4 [10.5-14.5]","2.1 [1.5-3.0]","4.4 [3.4-5.7]","4.1 [3.3-5.0]","4.1 [3.1-5.4]"
"Madagascar","2018","MICS","46.0 [44.2-47.7]","35.6 [33.9-37.3]","29.2 [27.8-30.7]","22.4 [21.1-23.8]","5.5 [4.9-6.2]","7.7 [6.8-8.6]","0.6 [0.4-0.8]","1.5 [1.1-2.0]","0.4 [0.2-0.7]","2.9 [2.3-3.5]"
"Madagascar","2008","DHS","54.2 [51.5-56.7]","41.7 [38.8-44.6]","","","","","","","",""
"Madagascar","2003","DHS","57.0 [53.3-60.5]","46.9 [43.5-50.3]","40.0 [36.9-43.2]","32.4 [29.0-36.0]","12.3 [10.6-14.2]","19.0 [16.1-22.3]","4.3 [3.3-5.6]","7.4 [5.5-9.9]","3.7 [2.6-5.2]","9.9 [7.5-13.0]"
"Malawi","2015","DHS","41.0 [38.9-43.2]","31.5 [29.1-33.9]","13.1 [11.8-14.5]","9.7 [8.2-11.3]","2.3 [1.7-3.0]","3.6 [2.9-4.6]","0.6 [0.3-1.0]","0.7 [0.4-1.2]","2.7 [2.1-3.6]","7.6 [6.3-9.2]"
"Malawi","2013","MICS","46.7 [45.1-48.4]","35.6 [33.8-37.4]","17.5 [16.3-18.7]","15.5 [14.4-16.7]","2.7 [2.3-3.2]","5.6 [4.9-6.3]","0.6 [0.4-0.8]","1.8 [1.4-2.2]","3.8 [3.2-4.4]","7.2 [6.3-8.1]"
"Malawi","2010","DHS","51.5 [49.0-53.9]","41.2 [38.6-43.9]","14.3 [12.7-16.0]","13.3 [11.4-15.4]","2.4 [1.7-3.3]","6.5 [5.2-7.9]","0.8 [0.5-1.4]","2.6 [1.9-3.6]","7.0 [6.0-8.3]","11.9 [10.1-14.0]"
"Malawi","2006","MICS","58.7 [57.3-60.2]","45.8 [44.4-47.1]","16.0 [15.2-16.9]","15.1 [13.2-17.2]","2.5 [2.1-3.1]","6.3 [5.4-7.3]","0.9 [0.5-1.5]","2.4 [1.9-2.9]","10.6 [9.7-11.6]","12.2 [11.2-13.2]"
"Malawi","2004","DHS","57.9 [56.1-59.7]","45.7 [43.9-47.4]","19.2 [17.8-20.6]","17.9 [16.4-19.5]","4.4 [3.8-5.2]","8.7 [7.6-10.0]","2.3 [1.9-2.9]","4.3 [3.4-5.3]","8.9 [8.0-9.9]","11.8 [10.7-13.0]"
"Malawi","2000","DHS","63.8 [62.2-65.4]","42.9 [40.9-44.9]","20.6 [19.3-22.0]","22.7 [21.1-24.3]","3.2 [2.7-3.7]","11.6 [10.3-13.0]","1.5 [1.2-1.9]","4.6 [3.8-5.5]","9.2 [8.1-10.5]","8.4 [7.5-9.3]"
"Maldives","2016","DHS","11.9 [10.1-14.0]","20.9 [17.8-24.4]","15.5 [13.2-18.0]","13.7 [11.1-16.8]","10.4 [8.6-12.4]","6.8 [5.0-9.3]","1.6 [1.1-2.4]","2.5 [1.4-4.3]","5.2 [3.9-6.8]","4.5 [3.3-6.2]"
"Maldives","2009","DHS","17.0 [14.6-19.6]","21.5 [18.9-24.5]","19.8 [17.5-22.2]","15.4 [13.3-17.7]","11.0 [9.4-12.9]","10.1 [8.3-12.2]","2.0 [1.3-3.0]","3.5 [2.6-4.7]","6.5 [5.2-8.2]","5.9 [4.6-7.6]"
"Mali","2018","DHS","30.3 [28.6-32.2]","22.1 [20.5-23.8]","17.6 [16.2-19.1]","20.0 [18.5-21.5]","5.9 [5.1-6.9]","13.3 [12.0-14.7]","1.5 [1.1-2.0]","4.1 [3.3-4.9]","1.8 [1.4-2.3]","2.2 [1.8-2.7]"
"Mali","2015","MICS","33.4 [31.6-35.2]","26.3 [24.8-27.9]","24.3 [23.0-25.8]","25.9 [24.4-27.4]","10.5 [9.6-11.4]","18.2 [16.8-19.7]","2.2 [1.9-2.7]","5.1 [4.5-5.8]","1.4 [1.0-1.8]","2.9 [2.4-3.5]"
"Mali","2009","MICS","30.9 [29.4-32.3]","24.2 [23.0-25.5]","16.5 [15.5-17.6]","21.7 [20.5-22.9]","4.8 [4.3-5.3]","13.7 [12.8-14.6]","0.7 [0.5-0.9]","3.4 [3.0-3.8]","0.8 [0.7-1.1]","1.2 [0.9-1.6]"
"Mali","2006","DHS","43.8 [41.7-45.9]","29.7 [28.1-31.4]","28.9 [27.2-30.5]","26.8 [24.9-28.7]","9.6 [8.6-10.6]","23.1 [21.8-24.5]","3.5 [2.9-4.1]","9.6 [8.7-10.5]","4.1 [3.3-5.0]","5.5 [4.7-6.5]"
"Mali","2001","DHS","51.8 [49.6-54.0]","30.7 [28.8-32.7]","31.7 [29.7-33.8]","27.8 [25.8-29.9]","8.1 [7.0-9.5]","18.5 [16.7-20.6]","2.8 [2.2-3.7]","6.1 [5.3-7.1]","3.3 [2.7-4.1]","2.8 [2.2-3.6]"
"Mauritania","2015","MICS","32.1 [30.2-34.1]","21.4 [19.7-23.3]","25.9 [24.3-27.7]","23.2 [21.5-25.0]","12.8 [11.6-14.1]","17.9 [16.4-19.5]","2.4 [2.0-2.9]","5.2 [4.4-6.1]","1.2 [0.9-1.6]","1.4 [1.0-1.9]"
"Mauritania","2011","MICS","35.6 [33.7-37.6]","21.5 [19.8-23.2]","26.9 [25.1-28.8]","20.9 [19.2-22.7]","10.7 [9.6-11.9]","18.1 [16.7-19.7]","2.4 [2.0-3.0]","6.0 [5.2-6.9]","3.1 [2.5-3.7]","3.5 [2.8-4.3]"
"Mauritania","2007","MICS","38.0 [36.1-39.9]","22.6 [20.9-24.5]","28.6 [26.9-30.5]","21.2 [19.4-23.0]","10.4 [9.5-11.5]","17.7 [16.1-19.4]","2.6 [2.1-3.1]","5.5 [4.7-6.6]","2.2 [1.8-2.7]","2.5 [2.0-3.3]"
"Mexico","2015","MICS","11.6 [9.5-14.1]","13.7 [11.5-16.2]","3.3 [2.4-4.6]","4.8 [3.7-6.2]","0.9 [0.4-1.7]","1.3 [0.9-2.0]","0.5 [0.1-1.6]","0.2 [0.1-1.0]","5.8 [4.5-7.4]","4.2 [3.3-5.3]"
"Mongolia","2018","MICS","10.9 [9.2-12.8]","7.1 [5.7-8.8]","1.9 [1.4-2.7]","1.7 [1.1-2.7]","0.6 [0.4-0.9]","1.5 [0.9-2.4]","0.2 [0.1-0.4]","0.6 [0.3-1.0]","9.0 [7.4-10.9]","12.9 [11.1-15.1]"
"Mongolia","2013","MICS","12.6 [11.3-14.0]","8.3 [7.1-9.6]","1.5 [1.1-2.0]","1.7 [1.2-2.3]","0.5 [0.3-0.8]","1.8 [1.3-2.4]","0.2 [0.1-0.4]","0.6 [0.4-1.1]","8.1 [7.2-9.2]","13.9 [12.5-15.5]"
"Mongolia","2010","MICS","15.8 [14.0-17.9]","14.6 [12.7-16.9]","3.2 [2.3-4.3]","3.5 [2.5-4.8]","1.2 [0.7-1.9]","2.1 [1.4-3.2]","0.4 [0.2-1.0]","1.0 [0.5-1.8]","7.8 [6.4-9.4]","14.4 [12.3-16.9]"
"Mongolia","2005","MICS","30.6 [28.2-33.1]","23.4 [21.1-25.8]","5.9 [4.8-7.2]","4.5 [3.5-5.9]","2.1 [1.6-2.9]","3.5 [2.6-4.7]","1.2 [0.8-1.8]","1.1 [0.7-1.7]","10.5 [9.0-12.2]","19.0 [16.7-21.6]"
"Montenegro","2018","MICS","6.0 [3.2-11.2]","9.0 [3.2-23.0]","0.4 [0.1-1.9]","8.5 [2.9-22.5]","1.5 [0.7-3.1]","3.3 [1.6-6.7]","0.4 [0.1-1.5]","0.7 [0.2-2.4]","7.1 [4.5-11.1]","7.5 [4.7-11.7]"
"Montenegro","2013","MICS","8.8 [6.2-12.4]","10.5 [6.4-16.8]","0.6 [0.3-1.5]","1.6 [0.6-4.2]","2.1 [1.1-4.0]","4.0 [2.5-6.5]","0.6 [0.2-1.9]","2.2 [1.1-4.3]","21.7 [17.3-26.9]","23.3 [18.0-29.6]"
"Montenegro","2005","MICS","6.5 [4.3-9.7]","10.7 [7.7-14.9]","2.0 [1.0-4.0]","2.6 [1.3-5.2]","3.8 [1.9-7.3]","5.1 [2.8-9.1]","1.8 [0.7-4.1]","2.9 [1.4-5.7]","12.4 [9.8-15.5]","21.8 [17.1-27.4]"
"Morocco","2003","DHS","23.2 [21.4-25.0]","23.0 [20.9-25.1]","11.2 [10.1-12.4]","7.8 [6.7-9.1]","11.1 [9.9-12.4]","10.2 [8.9-11.6]","4.9 [4.2-5.8]","5.1 [4.1-6.2]","10.4 [9.3-11.6]","18.0 [16.2-19.8]"
"Mozambique","2011","DHS","45.9 [44.0-47.8]","39.0 [36.8-41.2]","14.5 [13.3-15.9]","17.0 [15.6-18.5]","3.5 [2.9-4.2]","9.7 [8.6-11.0]","1.3 [1.0-1.8]","3.8 [3.1-4.7]","6.1 [5.4-6.9]","10.2 [9.0-11.6]"
"Mozambique","2008","MICS","48.4 [46.3-50.5]","37.6 [35.5-39.7]","17.0 [15.6-18.5]","19.7 [18.0-21.5]","2.4 [1.8-3.2]","6.3 [5.3-7.4]","0.8 [0.5-1.3]","1.8 [1.4-2.4]","3.7 [3.1-4.4]","3.5 [2.9-4.2]"
"Mozambique","2003","DHS","53.2 [51.0-55.5]","38.5 [36.6-40.5]","20.5 [18.8-22.3]","22.1 [20.3-24.0]","3.6 [2.8-4.7]","7.9 [6.8-9.1]","1.6 [1.2-2.3]","2.8 [2.2-3.4]","6.0 [5.1-7.1]","6.7 [5.4-8.3]"
"Myanmar","2015","DHS","36.6 [34.3-39.0]","18.0 [15.8-20.6]","21.5 [19.5-23.6]","14.0 [12.2-16.1]","5.4 [4.4-6.6]","8.5 [7.0-10.4]","0.8 [0.5-1.3]","2.1 [1.4-3.1]","1.0 [0.6-1.7]","2.3 [1.5-3.4]"
"Namibia","2013","DHS","26.3 [23.9-28.9]","17.5 [15.0-20.3]","14.4 [12.4-16.6]","11.4 [9.4-13.8]","4.3 [3.3-5.6]","11.3 [9.3-13.7]","1.0 [0.6-1.7]","5.4 [3.9-7.4]","2.9 [2.0-4.3]","5.6 [4.3-7.3]"
"Namibia","2006","DHS","31.2 [29.0-33.5]","26.3 [24.3-28.5]","19.0 [17.3-20.9]","15.1 [13.4-16.9]","6.3 [5.5-7.2]","9.3 [7.8-11.0]","1.4 [1.0-1.8]","3.0 [2.3-4.0]","3.3 [2.6-4.2]","6.6 [5.4-8.2]"
"Namibia","2000","DHS","33.0 [29.9-36.2]","24.2 [21.4-27.3]","23.0 [20.0-26.2]","16.4 [13.9-19.1]","8.3 [6.7-10.1]","12.3 [10.7-14.1]","2.3 [1.6-3.3]","3.9 [3.1-5.0]","2.4 [1.7-3.3]","4.6 [3.5-6.1]"
"Nepal","2019","MICS","35.7 [33.5-38.0]","24.7 [22.6-26.9]","26.2 [23.9-28.6]","21.7 [19.5-24.0]","10.2 [9.0-11.5]","14.9 [13.1-17.0]","2.2 [1.7-2.7]","4.2 [3.2-5.5]","2.3 [1.7-3.1]","3.1 [2.3-4.1]"
"Nepal","2016","DHS","42.0 [39.0-45.0]","27.2 [23.6-31.0]","29.8 [27.1-32.7]","23.4 [20.1-27.2]","6.2 [5.0-7.6]","14.0 [11.8-16.7]","0.9 [0.5-1.6]","3.0 [2.1-4.4]","0.5 [0.3-1.0]","2.2 [1.4-3.4]"
"Nepal","2014","MICS","44.8 [41.8-47.7]","25.6 [22.7-28.6]","33.5 [30.8-36.2]","24.7 [21.9-27.7]","8.7 [7.3-10.3]","15.7 [13.3-18.3]","2.1 [1.5-2.9]","5.1 [3.8-6.7]","1.9 [1.2-3.2]","2.5 [1.7-3.5]"
"Nepal","2011","DHS","49.3 [45.9-52.7]","25.7 [22.3-29.4]","31.1 [28.1-34.3]","25.5 [22.3-29.1]","7.7 [6.1-9.7]","16.5 [13.4-20.2]","1.8 [1.2-2.9]","4.6 [3.2-6.6]","0.9 [0.5-1.7]","2.5 [1.5-4.2]"
"Nepal","2006","DHS","58.8 [56.3-61.3]","33.2 [30.1-36.5]","42.8 [40.2-45.4]","31.4 [27.9-35.1]","10.1 [8.6-11.8]","16.8 [14.7-19.2]","1.6 [1.3-2.2]","4.3 [3.3-5.6]","0.4 [0.2-0.8]","0.8 [0.4-1.6]"
"Nepal","2001","DHS","67.4 [65.1-69.5]","42.0 [39.2-45.0]","45.1 [42.8-47.5]","39.3 [36.5-42.3]","6.9 [5.7-8.3]","17.5 [15.7-19.3]","0.9 [0.6-1.4]","5.3 [4.3-6.5]","0.7 [0.4-1.1]","0.7 [0.4-1.2]"
"Nicaragua","2006","RHS","27.4 [24.8-30.2]","17.1 [15.2-19.2]","6.1 [5.1-7.2]","5.2 [4.2-6.5]","0.9 [0.6-1.4]","2.2 [1.6-3.0]","0.3 [0.1-0.6]","0.8 [0.5-1.3]","5.1 [4.3-6.1]","7.6 [6.5-8.9]"
"Nicaragua","2001","DHS","29.0 [27.1-30.9]","19.6 [17.9-21.3]","8.1 [7.1-9.2]","7.2 [6.0-8.5]","1.3 [0.9-1.9]","3.7 [2.7-5.0]","0.5 [0.3-0.9]","1.4 [1.0-2.1]","7.3 [6.3-8.5]","6.9 [5.9-8.1]"
"Nicaragua","1997","DHS","35.0 [33.1-36.9]","23.8 [22.0-25.6]","10.4 [9.2-11.7]","10.3 [9.0-11.7]","2.1 [1.5-2.8]","5.2 [4.2-6.5]","1.0 [0.7-1.4]","2.2 [1.6-3.0]","7.0 [6.1-8.0]","6.9 [5.9-8.0]"
"Niger","2012","DHS","51.1 [48.7-53.4]","32.1 [29.7-34.6]","39.4 [37.2-41.6]","35.8 [33.3-38.5]","13.7 [12.2-15.5]","25.1 [22.9-27.4]","4.8 [3.8-6.0]","9.5 [7.9-11.4]","2.1 [1.6-2.9]","4.5 [3.5-5.9]"
"Niger","2006","DHS","64.1 [61.5-66.6]","42.0 [38.9-45.3]","43.9 [41.4-46.5]","34.4 [31.2-37.7]","8.0 [6.9-9.2]","18.9 [16.3-21.8]","2.4 [1.8-3.2]","7.0 [5.4-9.1]","2.7 [2.0-3.7]","4.6 [3.4-6.1]"
"Nigeria","2018","DHS","41.5 [39.9-43.1]","30.0 [28.3-31.7]","21.8 [20.6-23.1]","21.7 [20.3-23.2]","4.1 [3.5-4.6]","10.8 [9.7-11.9]","0.9 [0.7-1.1]","3.0 [2.4-3.9]","1.6 [1.3-2.0]","2.7 [2.2-3.4]"
"Nigeria","2016","MICS","48.6 [46.9-50.2]","35.9 [34.5-37.4]","30.6 [29.1-32.1]","32.9 [31.4-34.4]","6.5 [6.0-7.1]","17.2 [16.0-18.5]","1.6 [1.3-1.9]","4.9 [4.2-5.6]","1.5 [1.2-1.7]","1.6 [1.3-1.9]"
"Nigeria","2011","MICS","42.5 [40.4-44.5]","26.6 [24.8-28.4]","24.5 [23.0-26.0]","23.9 [22.5-25.4]","5.9 [5.3-6.7]","16.3 [15.3-17.4]","1.9 [1.6-2.3]","4.8 [4.2-5.5]","2.8 [2.4-3.3]","3.2 [2.7-3.8]"
"Nigeria","2003","DHS","48.0 [45.2-50.8]","35.5 [32.6-38.5]","27.6 [24.7-30.7]","25.5 [22.9-28.2]","7.1 [5.8-8.7]","16.3 [14.1-18.8]","2.8 [1.9-4.0]","7.1 [5.9-8.6]","5.5 [4.5-6.7]","7.7 [6.4-9.3]"
"Pakistan","2017","DHS","44.8 [41.4-48.3]","27.1 [23.5-31.2]","26.0 [23.2-29.0]","18.9 [15.9-22.2]","4.8 [3.8-6.1]","10.5 [8.3-13.2]","1.3 [0.8-2.0]","4.1 [2.9-5.8]","2.1 [1.5-3.0]","3.0 [2.1-4.4]"
"Pakistan","2012","DHS","49.6 [46.3-52.9]","37.6 [34.0-41.3]","31.4 [27.9-35.1]","32.6 [29.1-36.2]","6.7 [4.9-9.2]","16.6 [13.6-20.1]","1.6 [1.0-2.5]","6.1 [4.5-8.3]","4.2 [3.1-5.7]","5.5 [4.2-7.2]"
"Paraguay","2016","MICS","4.7 [3.7-6.1]","6.8 [5.4-8.6]","0.8 [0.5-1.3]","2.0 [1.4-3.0]","0.5 [0.3-1.0]","1.6 [1.0-2.5]","0.2 [0.1-0.4]","0.7 [0.3-1.4]","11.9 [10.1-13.9]","13.3 [11.1-15.8]"
"Peru","2018","DHS","11.5 [10.8-12.2]","13.2 [12.4-14.2]","2.1 [1.8-2.4]","3.5 [3.0-4.0]","0.3 [0.2-0.4]","0.8 [0.5-1.0]","0.0 [0.0-0.1]","0.2 [0.1-0.3]","7.9 [7.3-8.5]","9.6 [8.8-10.5]"
"Peru","2017","DHS","12.3 [11.4-13.2]","13.7 [12.5-14.9]","2.5 [2.1-2.9]","4.3 [3.6-5.0]","0.3 [0.2-0.4]","0.9 [0.6-1.2]","0.0 [0.0-0.1]","0.2 [0.1-0.4]","7.7 [7.0-8.4]","8.6 [7.7-9.5]"
"Peru","2016","DHS","13.1 [12.2-14.1]","13.0 [12.0-14.0]","2.8 [2.4-3.2]","3.8 [3.3-4.4]","0.4 [0.3-0.5]","1.0 [0.7-1.3]","0.0 [0.0-0.1]","0.3 [0.2-0.6]","7.7 [7.1-8.5]","7.6 [6.8-8.5]"
"Peru","2015","DHS","14.7 [13.8-15.6]","14.7 [13.8-15.8]","2.8 [2.4-3.2]","4.3 [3.8-4.9]","0.4 [0.3-0.5]","1.0 [0.7-1.2]","0.0 [0.0-0.1]","0.2 [0.1-0.4]","8.1 [7.4-8.8]","8.4 [7.6-9.3]"
"Peru","2014","DHS","15.2 [13.9-16.6]","14.3 [12.9-15.8]","2.1 [1.7-2.5]","5.0 [4.2-5.9]","0.2 [0.1-0.4]","1.2 [0.8-1.7]","0.0 [0.0-0.0]","0.2 [0.1-0.4]","9.0 [7.9-10.2]","8.6 [7.4-9.9]"
"Peru","2013","DHS","17.3 [15.8-18.9]","18.1 [16.4-19.9]","3.1 [2.6-3.7]","4.4 [3.7-5.2]","0.2 [0.1-0.4]","0.7 [0.4-1.3]","0.1 [0.0-0.2]","0.4 [0.2-1.0]","8.1 [6.9-9.4]","9.0 [7.6-10.6]"
"Peru","2012","DHS","18.3 [17.1-19.7]","18.4 [16.7-20.2]","2.7 [2.3-3.2]","4.6 [3.9-5.5]","0.4 [0.3-0.7]","1.0 [0.6-1.5]","0.1 [0.0-0.2]","0.1 [0.0-0.3]","6.6 [5.8-7.6]","8.1 [6.8-9.5]"
"Peru","2011","DHS","19.5 [18.1-21.1]","19.6 [17.9-21.4]","3.8 [3.2-4.5]","4.9 [4.1-5.8]","0.3 [0.2-0.5]","0.5 [0.3-0.9]","0.0 [0.0-0.1]","0.2 [0.1-0.3]","7.9 [6.9-9.1]","10.3 [8.9-11.8]"
"Peru","2010","DHS","23.9 [22.3-25.4]","22.5 [20.8-24.2]","3.6 [3.0-4.3]","5.4 [4.6-6.3]","0.5 [0.3-0.8]","1.0 [0.7-1.4]","0.1 [0.1-0.4]","0.1 [0.1-0.4]","6.1 [5.2-7.1]","11.0 [9.5-12.6]"
"Peru","2009","DHS","25.3 [23.7-27.0]","21.7 [19.9-23.6]","4.0 [3.4-4.6]","4.8 [4.0-5.8]","0.4 [0.3-0.7]","0.8 [0.6-1.3]","0.2 [0.1-0.4]","0.3 [0.2-0.7]","8.1 [7.0-9.3]","13.6 [12.1-15.4]"
"Peru","2007","DHS","29.3 [27.3-31.4]","25.8 [23.6-28.2]","4.3 [3.6-5.1]","4.4 [3.6-5.3]","0.7 [0.4-1.1]","1.0 [0.6-1.6]","0.2 [0.1-0.4]","0.1 [0.0-0.3]","7.7 [6.6-9.0]","13.6 [11.8-15.6]"
"Peru","2005","DHS","34.0 [30.5-37.8]","22.6 [19.1-26.6]","6.1 [4.6-8.1]","4.4 [3.1-6.1]","1.0 [0.5-2.0]","1.1 [0.5-2.2]","0.0 [0.0-0.3]","0.2 [0.0-1.5]","7.4 [5.6-9.6]","11.5 [9.1-14.6]"
"Peru","2000","DHS","36.1 [34.5-37.8]","23.8 [22.3-25.4]","5.2 [4.6-5.8]","5.2 [4.5-6.0]","0.8 [0.6-1.1]","1.6 [1.3-2.1]","0.4 [0.2-0.6]","0.5 [0.3-0.8]","10.8 [9.8-11.9]","13.4 [12.1-14.9]"
"Peru","1996","DHS","35.8 [34.3-37.4]","25.4 [23.9-27.0]","5.4 [4.9-6.0]","6.0 [5.4-6.8]","1.0 [0.8-1.3]","2.5 [2.1-3.0]","0.5 [0.4-0.8]","1.0 [0.8-1.4]","8.9 [8.1-9.8]","11.4 [10.3-12.6]"
"Republic of Moldova","2012","MICS","7.3 [5.7-9.3]","5.3 [3.7-7.5]","2.4 [1.5-3.8]","1.9 [1.1-3.3]","1.6 [0.9-2.8]","2.3 [1.3-4.2]","0.2 [0.0-0.8]","0.8 [0.2-2.5]","3.4 [2.4-4.9]","6.7 [5.0-9.1]"
"Republic of Moldova","2005","DHS","10.5 [8.4-13.1]","10.9 [8.6-13.7]","4.0 [2.9-5.6]","1.9 [1.0-3.5]","4.9 [3.5-6.8]","6.9 [5.0-9.6]","1.5 [0.9-2.6]","3.7 [2.2-6.0]","7.6 [5.7-10.1]","10.5 [8.0-13.7]"
"North Macedonia","2018","MICS","3.6 [2.2-5.7]","5.6 [3.2-9.4]","0.9 [0.4-2.5]","0.7 [0.3-1.9]","1.3 [0.4-3.7]","6.9 [4.0-11.6]","","1.4 [0.5-4.0]","13.2 [10.2-17.1]","7.6 [5.1-11.3]"
"North Macedonia","2011","MICS","4.8 [3.3-6.7]","5.3 [3.4-8.1]","1.1 [0.6-2.2]","1.5 [0.8-2.9]","0.7 [0.3-1.6]","3.6 [1.7-7.6]","0.2 [0.0-1.4]","0.3 [0.1-1.2]","15.1 [12.4-18.2]","8.3 [5.2-13.0]"
"North Macedonia","2005","MICS","9.4 [7.6-11.6]","14.8 [10.8-20.0]","1.6 [1.1-2.3]","2.2 [0.8-5.8]","1.1 [0.7-1.6]","7.6 [4.1-13.6]","0.4 [0.2-0.8]","2.9 [1.0-7.6]","15.5 [13.1-18.3]","17.3 [12.7-23.0]"
"Rwanda","2014","DHS","43.2 [40.8-45.5]","31.2 [28.8-33.7]","10.1 [8.9-11.6]","8.8 [7.5-10.3]","1.0 [0.7-1.6]","4.0 [3.2-5.1]","0.3 [0.1-0.6]","1.2 [0.7-1.9]","5.8 [4.9-6.8]","11.1 [9.5-12.9]"
"Rwanda","2010","DHS","49.7 [47.5-51.9]","35.3 [32.9-37.7]","11.9 [10.6-13.3]","11.4 [9.9-13.2]","1.7 [1.2-2.3]","5.0 [4.0-6.2]","0.4 [0.2-0.7]","1.8 [1.3-2.6]","5.9 [5.0-6.9]","8.7 [7.3-10.3]"
"Rwanda","2005","DHS","59.5 [57.1-61.9]","40.1 [37.7-42.5]","17.1 [15.5-18.9]","19.0 [17.0-21.2]","2.8 [2.2-3.6]","7.6 [6.4-9.1]","1.0 [0.6-1.4]","2.5 [1.8-3.5]","6.4 [5.3-7.6]","7.1 [5.9-8.6]"
"Rwanda","2000","DHS","56.8 [54.9-58.8]","36.0 [34.0-38.1]","20.2 [18.7-21.9]","20.3 [18.7-22.1]","5.5 [4.6-6.6]","13.1 [11.6-14.6]","2.4 [1.8-3.1]","5.9 [4.9-7.0]","6.7 [5.9-7.7]","7.9 [6.8-9.1]"
"Saint Lucia","2012","MICS","1.7 [0.7-4.6]","3.9 [1.2-11.5]","1.0 [0.2-4.6]","6.0 [2.5-13.7]","2.1 [0.7-6.3]","6.6 [2.9-14.2]","0.0 [0.0-0.0]","1.9 [0.4-8.6]","5.5 [2.5-11.3]","7.9 [3.3-17.4]"
"Sao Tome and Principe","2019","MICS","12.4 [10.2-14.9]","10.7 [8.4-13.5]","5.2 [3.8-7.1]","5.8 [4.2-7.9]","3.5 [2.3-5.1]","5.2 [3.7-7.3]","1.1 [0.6-1.9]","1.9 [1.1-3.4]","3.2 [2.2-4.6]","6.7 [4.8-9.2]"
"Sao Tome and Principe","2014","MICS","17.6 [15.3-20.2]","16.5 [13.5-19.9]","6.6 [5.1-8.6]","12.2 [9.7-15.1]","2.4 [1.6-3.6]","6.6 [4.9-8.8]","0.4 [0.2-1.1]","1.3 [0.7-2.6]","2.1 [1.3-3.3]","2.9 [1.7-4.9]"
"Senegal","2017","DHS","18.1 [16.8-19.4]","14.2 [13.1-15.4]","15.5 [14.4-16.7]","12.9 [11.8-14.1]","8.4 [7.6-9.3]","9.9 [8.9-10.9]","1.0 [0.7-1.3]","2.2 [1.8-2.7]","0.3 [0.2-0.5]","1.9 [1.4-2.4]"
"Senegal","2016","DHS","18.2 [16.4-20.3]","15.4 [13.5-17.4]","14.4 [12.8-16.1]","12.8 [11.0-15.0]","6.9 [5.9-8.0]","7.5 [6.1-9.1]","0.9 [0.6-1.3]","1.8 [1.1-2.7]","0.6 [0.2-1.5]","1.5 [1.0-2.2]"
"Senegal","2015","DHS","22.2 [20.2-24.4]","18.3 [16.4-20.4]","17.1 [15.4-19.0]","14.5 [12.8-16.4]","7.7 [6.6-9.0]","8.0 [6.8-9.3]","1.1 [0.7-1.6]","2.1 [1.5-2.9]","0.5 [0.3-0.8]","1.8 [1.2-2.7]"
"Senegal","2014","DHS","20.5 [18.6-22.5]","16.2 [14.5-18.1]","14.5 [12.8-16.3]","10.3 [8.5-12.3]","6.4 [5.2-7.7]","5.2 [4.2-6.5]","0.8 [0.5-1.2]","0.6 [0.4-1.1]","0.6 [0.4-0.9]","2.3 [1.6-3.3]"
"Senegal","2012","DHS","20.9 [19.3-22.7]","15.7 [13.9-17.7]","18.8 [16.8-21.0]","13.6 [11.7-15.6]","9.1 [7.8-10.6]","8.8 [7.7-10.0]","1.5 [1.1-2.0]","2.6 [1.9-3.4]","0.6 [0.3-1.0]","2.7 [2.0-3.6]"
"Senegal","2010","DHS","29.7 [27.1-32.5]","22.6 [19.8-25.8]","20.4 [18.4-22.6]","15.7 [13.9-17.7]","8.8 [7.4-10.3]","11.9 [10.2-13.8]","1.6 [1.1-2.3]","3.5 [2.6-4.6]","1.4 [0.9-2.3]","4.5 [3.4-5.9]"
"Senegal","2005","DHS","23.0 [20.2-26.0]","15.9 [13.6-18.6]","15.6 [13.2-18.3]","13.2 [10.9-15.8]","6.8 [5.6-8.3]","11.2 [9.0-13.8]","1.3 [0.8-2.0]","3.6 [2.4-5.3]","1.7 [1.0-2.7]","3.6 [2.4-5.4]"
"Serbia","2019","MICS","5.4 [3.3-8.6]","5.5 [3.3-8.9]","1.1 [0.4-3.3]","0.9 [0.3-3.1]","2.4 [1.3-4.5]","2.9 [1.4-5.9]","0.4 [0.2-1.0]","0.7 [0.2-2.3]","12.8 [9.7-16.8]","7.9 [5.5-11.2]"
"Serbia","2014","MICS","4.5 [3.0-6.9]","8.2 [5.8-11.6]","1.6 [0.9-2.6]","2.1 [0.9-5.0]","3.3 [2.1-5.2]","4.8 [2.9-7.8]","1.3 [0.7-2.5]","0.8 [0.4-1.6]","12.7 [10.0-16.0]","15.7 [11.0-21.9]"
"Serbia","2010","MICS","5.1 [3.7-6.9]","9.4 [6.8-12.9]","1.1 [0.5-2.6]","2.5 [1.2-5.0]","2.4 [1.4-4.2]","5.5 [3.6-8.4]","0.5 [0.3-0.9]","1.3 [0.6-2.4]","13.8 [11.7-16.2]","18.9 [15.7-22.7]"
"Serbia","2005","MICS","7.7 [6.2-9.5]","8.9 [7.2-10.8]","1.5 [0.9-2.4]","2.1 [1.3-3.6]","3.3 [2.4-4.4]","6.4 [5.1-8.2]","1.3 [0.7-2.1]","2.7 [1.8-4.0]","18.1 [16.1-20.2]","21.2 [18.7-24.0]"
"Sierra Leone","2017","MICS","33.5 [31.8-35.1]","27.2 [25.5-29.0]","13.5 [12.4-14.6]","18.8 [17.5-20.2]","4.2 [3.6-5.0]","10.7 [9.5-11.9]","1.2 [0.9-1.5]","4.0 [3.2-4.9]","3.4 [2.9-4.1]","5.5 [4.7-6.3]"
"Sierra Leone","2005","MICS","52.1 [49.6-54.6]","35.9 [33.5-38.3]","25.8 [23.7-27.9]","28.9 [26.7-31.2]","6.5 [5.3-7.9]","15.9 [14.2-17.8]","2.9 [2.2-4.0]","6.5 [5.4-7.8]","5.5 [4.5-6.6]","6.6 [5.4-7.9]"
"Somalia","2006","MICS","50.6 [47.2-54.0]","28.3 [25.8-31.0]","38.9 [35.7-42.2]","23.2 [21.0-25.6]","11.5 [10.1-13.1]","16.4 [14.7-18.2]","2.9 [2.3-3.7]","6.7 [5.7-8.0]","3.7 [2.8-5.0]","6.4 [5.2-7.9]"
"South Africa","2016","DHS","24.9 [21.0-29.3]","31.4 [26.6-36.7]","5.7 [4.1-8.0]","6.2 [4.0-9.4]","2.5 [1.4-4.3]","2.5 [1.5-4.1]","0.3 [0.1-0.8]","1.0 [0.5-2.2]","10.1 [8.0-12.8]","18.5 [14.9-22.8]"
"South Sudan","2010","MICS","34.9 [32.8-37.0]","25.0 [22.8-27.4]","29.7 [27.7-31.7]","24.8 [22.8-27.0]","22.1 [20.0-24.3]","23.8 [21.7-26.0]","9.6 [8.2-11.3]","10.4 [9.0-12.0]","5.8 [4.9-7.0]","6.1 [5.0-7.4]"
"Sudan","2014","MICS","45.5 [43.0-48.0]","28.0 [26.0-30.1]","37.8 [35.5-40.3]","26.5 [24.8-28.3]","13.9 [12.7-15.2]","18.3 [16.6-20.1]","3.3 [2.8-3.8]","5.7 [4.8-6.6]","2.9 [2.0-4.2]","3.5 [2.8-4.4]"
"Suriname","2018","MICS","9.6 [7.7-12.0]","6.1 [4.6-8.2]","7.3 [5.8-9.2]","5.7 [4.3-7.4]","4.5 [3.4-5.9]","7.2 [5.3-9.7]","0.7 [0.3-1.3]","1.6 [0.8-3.5]","3.0 [2.3-4.0]","4.4 [3.1-6.2]"
"Suriname","2010","MICS","8.0 [6.6-9.8]","9.8 [7.9-12.1]","4.9 [3.9-6.3]","6.9 [5.4-8.7]","4.7 [3.5-6.2]","5.5 [4.1-7.3]","0.7 [0.4-1.4]","1.0 [0.5-2.0]","3.1 [2.2-4.5]","5.2 [3.8-7.2]"
"Suriname","2006","MICS","10.2 [8.1-12.8]","11.3 [8.9-14.3]","8.7 [7.1-10.5]","5.6 [4.2-7.6]","4.5 [3.4-6.0]","5.6 [4.1-7.5]","0.7 [0.4-1.4]","1.5 [0.8-2.7]","2.6 [1.8-3.7]","6.3 [4.6-8.6]"
"Syrian Arab Republic","2006","MICS","27.4 [25.8-29.1]","30.8 [29.1-32.6]","8.9 [8.0-9.9]","11.8 [10.7-13.0]","9.8 [8.8-10.9]","11.0 [9.9-12.2]","4.3 [3.7-5.0]","5.6 [4.8-6.5]","16.7 [15.4-18.1]","22.0 [20.5-23.6]"
"Tajikistan","2017","DHS","20.8 [18.9-22.9]","12.7 [11.2-14.4]","6.8 [5.7-8.0]","8.8 [7.6-10.1]","3.0 [2.4-3.7]","9.3 [8.1-10.8]","0.9 [0.6-1.3]","3.2 [2.5-4.2]","3.3 [2.7-4.2]","3.3 [2.6-4.2]"
"Tajikistan","2012","DHS","29.1 [26.9-31.4]","23.8 [21.4-26.5]","12.7 [10.8-14.7]","14.1 [12.3-16.1]","6.6 [5.4-8.1]","14.2 [12.6-16.0]","2.8 [2.1-3.7]","5.8 [4.8-7.1]","6.5 [5.2-8.2]","6.9 [5.4-8.8]"
"Tajikistan","2005","MICS","37.9 [35.2-40.7]","25.6 [22.3-29.3]","11.7 [10.1-13.5]","19.8 [17.4-22.4]","4.2 [3.1-5.5]","15.7 [13.7-18.0]","1.3 [0.8-2.0]","7.0 [5.6-8.7]","7.0 [5.6-8.8]","6.4 [4.6-8.7]"
"Thailand","2019","MICS","11.0 [9.7-12.5]","17.4 [14.4-20.8]","6.9 [5.7-8.2]","9.0 [7.2-11.3]","7.0 [5.6-8.6]","8.9 [6.9-11.5]","2.6 [1.7-3.8]","2.9 [2.0-4.3]","10.6 [9.1-12.4]","6.8 [5.5-8.4]"
"Thailand","2015","MICS","10.2 [8.6-11.9]","11.1 [9.2-13.4]","6.5 [5.3-8.1]","6.9 [5.2-9.0]","4.9 [3.5-6.7]","6.3 [4.9-8.1]","1.3 [0.7-2.3]","1.7 [1.0-2.7]","10.2 [8.8-11.8]","5.0 [3.7-6.6]"
"Thailand","2012","MICS","15.1 [13.2-17.2]","18.4 [15.6-21.6]","8.7 [7.5-10.1]","9.9 [8.1-12.0]","6.1 [5.2-7.2]","7.7 [6.2-9.5]","1.9 [1.4-2.7]","2.7 [1.9-3.8]","11.0 [9.5-12.8]","10.6 [8.7-12.9]"
"Thailand","2005","MICS","15.0 [13.4-16.8]","16.6 [14.7-18.7]","7.4 [6.4-8.7]","6.4 [5.4-7.5]","3.6 [2.9-4.4]","6.4 [5.4-7.5]","1.1 [0.8-1.5]","1.7 [1.3-2.4]","8.4 [7.4-9.4]","7.5 [6.4-8.7]"
"Timor-Leste","2009","DHS","62.1 [60.5-63.7]","49.4 [47.1-51.6]","51.5 [49.8-53.2]","34.1 [32.2-36.0]","18.6 [17.2-20.1]","19.4 [17.8-21.1]","7.1 [6.2-8.1]","8.5 [7.3-9.7]","3.9 [3.2-4.7]","9.4 [8.1-10.8]"
"Togo","2017","MICS","27.2 [24.8-29.7]","18.8 [16.4-21.4]","15.2 [13.5-17.0]","15.2 [13.5-17.1]","4.4 [3.6-5.4]","7.6 [6.3-9.2]","0.8 [0.5-1.3]","1.5 [1.0-2.2]","0.9 [0.6-1.4]","2.4 [1.6-3.6]"
"Togo","2013","DHS","33.2 [30.9-35.5]","19.5 [17.0-22.2]","16.7 [15.1-18.5]","15.2 [13.1-17.5]","3.1 [2.4-4.0]","11.8 [10.1-13.7]","0.4 [0.2-0.8]","3.0 [2.2-4.3]","1.8 [1.3-2.6]","2.3 [1.6-3.3]"
"Togo","2010","MICS","35.5 [32.9-38.3]","21.5 [19.3-23.9]","17.1 [15.5-18.9]","15.8 [13.9-17.9]","2.8 [2.2-3.6]","7.6 [6.4-9.1]","0.7 [0.4-1.1]","1.4 [0.9-2.2]","1.3 [0.8-2.2]","1.9 [1.2-3.1]"
"Togo","2006","MICS","41.4 [38.2-44.7]","17.5 [15.4-19.8]","24.1 [21.2-27.3]","22.3 [19.7-25.2]","9.3 [7.7-11.1]","22.3 [19.7-25.2]","3.6 [2.8-4.6]","9.1 [7.5-11.1]","4.4 [3.2-6.0]","5.6 [4.3-7.2]"
"Tonga","2019","MICS","2.2 [1.2-4.0]","2.2 [0.9-4.8]","1.0 [0.6-1.6]","0.4 [0.1-1.6]","1.0 [0.5-2.1]","1.1 [0.4-3.4]","0.6 [0.3-1.3]","","11.1 [8.5-14.3]","11.4 [7.5-16.9]"
"Trinidad and Tobago","2011","MICS","6.9 [5.0-9.4]","13.6 [9.9-18.4]","4.0 [2.7-5.9]","6.6 [4.1-10.4]","6.6 [4.7-9.1]","6.1 [3.8-9.6]","1.8 [0.9-3.3]","2.7 [1.2-5.8]","11.0 [8.5-14.1]","11.8 [8.5-16.1]"
"Tunisia","2018","MICS","8.2 [6.7-9.9]","8.8 [7.1-10.8]","1.0 [0.6-1.6]","2.6 [1.8-3.8]","1.4 [1.0-2.0]","3.2 [2.2-4.5]","0.6 [0.3-1.0]","1.6 [1.0-2.6]","15.8 [13.9-18.0]","19.7 [17.3-22.3]"
"Tunisia","2011","MICS","9.0 [7.3-11.0]","11.9 [9.8-14.3]","1.4 [0.9-2.2]","3.7 [2.6-5.2]","1.9 [1.1-3.1]","4.1 [2.9-5.8]","1.0 [0.5-2.0]","2.7 [1.7-4.2]","11.4 [9.7-13.3]","18.7 [16.0-21.8]"
"Türkiye","2013","DHS","10.4 [8.7-12.4]","9.4 [7.5-11.7]","2.6 [1.8-3.8]","1.9 [1.2-2.9]","0.9 [0.5-1.5]","3.3 [2.3-4.9]","0.2 [0.1-0.4]","0.9 [0.4-2.0]","9.0 [7.4-10.9]","14.3 [11.7-17.4]"
"Türkiye","2003","DHS","18.0 [16.2-19.9]","10.9 [9.1-12.9]","3.9 [3.1-4.9]","2.8 [1.9-4.1]","0.7 [0.4-1.2]","1.7 [1.2-2.4]","0.3 [0.1-1.0]","0.5 [0.2-1.2]","6.5 [5.6-7.5]","12.3 [10.6-14.3]"
"Türkiye","1998","DHS","24.5 [21.9-27.3]","11.4 [9.5-13.6]","7.9 [6.6-9.5]","5.8 [4.5-7.4]","1.3 [0.8-2.0]","5.2 [4.0-6.7]","0.3 [0.1-0.7]","1.4 [0.9-2.3]","3.2 [2.4-4.3]","4.5 [3.3-6.1]"
"Türkiye","1993","DHS","30.3 [27.5-33.2]","14.7 [12.8-16.8]","9.3 [7.5-11.5]","8.0 [6.3-10.0]","2.6 [1.9-3.4]","5.7 [4.4-7.2]","0.9 [0.5-1.5]","1.3 [0.8-2.0]","4.4 [3.4-5.5]","5.7 [4.6-6.9]"
"Turkmenistan","2019","MICS","5.2 [4.2-6.4]","10.7 [8.7-13.2]","2.1 [1.5-2.8]","4.8 [3.6-6.4]","3.1 [2.3-4.2]","5.9 [4.6-7.5]","0.9 [0.5-1.6]","1.4 [0.8-2.3]","2.8 [2.1-3.7]","3.6 [2.6-5.1]"
"Turkmenistan","2015","MICS","13.4 [11.5-15.7]","8.6 [7.2-10.3]","2.5 [1.7-3.7]","4.1 [3.2-5.4]","2.8 [1.9-4.0]","6.2 [4.9-7.7]","0.7 [0.4-1.4]","1.7 [1.1-2.6]","6.1 [4.9-7.5]","5.6 [4.5-7.0]"
"Turkmenistan","2006","MICS","20.9 [18.4-23.7]","16.0 [13.4-19.0]","7.2 [5.6-9.2]","11.9 [9.5-14.9]","3.8 [2.5-5.7]","11.9 [9.5-14.9]","1.4 [0.7-3.0]","3.1 [2.0-4.7]","3.9 [2.8-5.5]","5.3 [3.7-7.4]"
"Uganda","2016","DHS","31.4 [29.4-33.4]","25.1 [23.0-27.3]","9.7 [8.6-10.9]","11.4 [9.9-13.2]","1.8 [1.4-2.3]","6.0 [4.9-7.4]","0.5 [0.3-0.8]","2.5 [1.9-3.4]","2.4 [1.8-3.1]","6.0 [4.9-7.3]"
"Uganda","2011","DHS","38.2 [34.7-41.8]","27.2 [23.8-30.9]","12.9 [10.9-15.1]","15.8 [13.3-18.7]","2.1 [1.4-3.2]","8.3 [6.6-10.5]","0.7 [0.3-1.6]","2.5 [1.6-3.9]","3.3 [2.4-4.6]","4.2 [3.0-6.0]"
"Uganda","2006","DHS","43.3 [40.2-46.4]","31.8 [29.1-34.6]","14.3 [12.3-16.5]","19.0 [16.6-21.7]","2.3 [1.6-3.2]","11.8 [9.7-14.1]","0.5 [0.2-1.0]","4.5 [3.2-6.3]","4.8 [3.6-6.4]","4.9 [3.5-6.6]"
"Uganda","2000","DHS","50.5 [48.2-52.9]","37.8 [35.7-40.0]","17.7 [15.9-19.7]","21.0 [19.2-22.9]","2.1 [1.6-2.8]","8.8 [7.7-10.0]","0.8 [0.5-1.4]","2.5 [1.9-3.3]","4.5 [3.8-5.4]","5.6 [4.7-6.7]"
"United Republic of Tanzania","2015","DHS","39.4 [37.6-41.3]","27.5 [25.8-29.2]","14.7 [13.5-16.1]","12.2 [11.0-13.4]","3.0 [2.5-3.6]","6.7 [5.8-7.6]","0.7 [0.5-1.1]","1.9 [1.5-2.4]","2.4 [2.0-2.9]","5.5 [4.7-6.4]"
"United Republic of Tanzania","2010","DHS","46.5 [44.4-48.6]","35.9 [33.8-38.1]","16.5 [14.9-18.3]","15.6 [14.1-17.1]","2.8 [2.3-3.4]","7.9 [6.8-9.1]","0.7 [0.4-1.0]","2.3 [1.7-3.0]","3.3 [2.7-4.0]","8.3 [7.2-9.6]"
"United Republic of Tanzania","2004","DHS","50.5 [48.1-52.9]","36.4 [34.3-38.4]","17.8 [16.3-19.5]","15.2 [13.7-16.8]","2.2 [1.7-2.9]","5.3 [4.5-6.2]","0.6 [0.3-0.9]","1.6 [1.2-2.2]","3.8 [3.0-4.7]","6.5 [5.5-7.7]"
"United Republic of Tanzania","1999","DHS","58.5 [54.6-62.2]","36.6 [33.4-39.9]","26.2 [22.4-30.4]","24.3 [20.9-28.2]","3.5 [2.2-5.6]","8.1 [6.4-10.3]","1.1 [0.5-2.4]","3.1 [2.0-4.8]","3.3 [2.4-4.5]","3.2 [2.1-4.7]"
"United Republic of Tanzania","1996","DHS","57.8 [55.1-60.4]","40.6 [38.0-43.2]","26.7 [24.9-28.6]","27.0 [24.9-29.2]","5.5 [4.7-6.6]","12.0 [10.6-13.5]","1.9 [1.4-2.5]","4.2 [3.5-5.1]","4.4 [3.6-5.4]","4.7 [3.9-5.7]"
"Uzbekistan","2006","MICS","22.0 [20.0-24.1]","16.2 [14.4-18.2]","3.8 [3.1-4.8]","5.3 [4.2-6.6]","2.5 [1.8-3.6]","7.0 [5.8-8.5]","0.9 [0.6-1.5]","2.5 [1.8-3.5]","11.4 [10.0-12.9]","13.4 [11.7-15.3]"
"Vanuatu","2007","MICS","30.3 [26.2-34.7]","19.6 [15.6-24.3]","10.7 [8.5-13.4]","12.6 [9.3-16.9]","4.4 [3.1-6.4]","7.9 [5.7-10.9]","1.7 [1.0-3.0]","2.3 [1.2-4.1]","5.4 [4.0-7.3]","4.0 [2.5-6.2]"
"Viet Nam","2010","MICS","26.8 [24.7-29.1]","16.0 [13.8-18.5]","14.1 [12.4-16.0]","8.0 [6.5-9.8]","3.5 [2.6-4.5]","5.1 [4.0-6.5]","1.1 [0.7-1.7]","1.4 [0.8-2.4]","4.2 [3.4-5.1]","5.0 [3.7-6.6]"
"Yemen","2013","DHS","55.9 [54.2-57.7]","32.9 [31.2-34.7]","43.9 [42.2-45.6]","34.3 [32.6-36.0]","13.0 [11.9-14.1]","21.4 [20.0-22.9]","3.5 [3.0-4.1]","8.0 [7.1-9.0]","1.8 [1.5-2.2]","3.4 [2.8-4.1]"
"Zambia","2018","DHS","36.6 [35.0-38.2]","31.6 [29.9-33.3]","11.7 [10.7-12.8]","12.0 [10.8-13.3]","3.6 [3.0-4.2]","5.2 [4.4-6.3]","1.4 [1.0-1.8]","1.7 [1.3-2.4]","3.5 [3.0-4.2]","7.8 [6.8-9.0]"
"Zambia","2013","DHS","41.7 [40.2-43.3]","37.4 [35.8-39.0]","16.1 [15.1-17.1]","13.1 [12.0-14.3]","5.0 [4.4-5.7]","8.1 [7.2-9.1]","2.1 [1.7-2.6]","3.0 [2.5-3.6]","3.9 [3.4-4.6]","9.8 [8.8-10.8]"
"Zambia","2007","DHS","50.4 [48.0-52.8]","39.5 [36.9-42.1]","15.8 [14.4-17.3]","13.8 [12.3-15.4]","3.8 [3.1-4.5]","8.0 [6.9-9.3]","1.6 [1.3-2.2]","3.3 [2.6-4.2]","6.5 [5.5-7.7]","11.1 [9.8-12.6]"
"Zambia","2001","DHS","59.8 [57.6-62.0]","43.1 [40.9-45.3]","23.2 [21.5-25.0]","23.3 [21.5-25.1]","3.1 [2.5-3.8]","10.4 [9.1-11.9]","1.3 [0.9-1.8]","3.8 [3.0-4.7]","5.7 [4.9-6.7]","6.2 [5.3-7.2]"
"Zambia","1996","DHS","58.1 [55.8-60.4]","37.7 [35.6-39.9]","18.3 [17.0-19.8]","21.1 [19.5-22.7]","2.1 [1.6-2.8]","9.1 [8.0-10.3]","0.6 [0.4-1.0]","2.9 [2.3-3.7]","7.0 [6.0-8.1]","5.3 [4.4-6.4]"
"Zimbabwe","2019","MICS","25.3 [23.5-27.1]","20.7 [18.8-22.9]","9.6 [8.5-10.7]","9.8 [8.5-11.3]","2.1 [1.6-2.8]","4.1 [3.3-5.1]","0.2 [0.1-0.4]","0.6 [0.3-1.0]","1.9 [1.5-2.4]","3.5 [2.8-4.5]"
"Zimbabwe","2015","DHS","28.4 [26.5-30.3]","24.8 [22.7-27.1]","7.7 [6.7-8.8]","9.8 [8.4-11.4]","1.8 [1.4-2.3]","5.9 [4.9-7.1]","0.6 [0.3-0.9]","2.1 [1.5-2.9]","3.8 [3.2-4.6]","8.8 [7.5-10.3]"
"Zimbabwe","2014","MICS","29.8 [28.5-31.1]","24.3 [22.7-25.9]","10.8 [9.9-11.8]","11.6 [10.6-12.8]","2.0 [1.6-2.4]","5.1 [4.5-5.9]","0.4 [0.3-0.6]","1.2 [0.9-1.7]","2.6 [2.2-3.1]","5.1 [4.3-6.0]"
"Zimbabwe","2010","DHS","37.6 [35.7-39.5]","25.3 [23.4-27.2]","10.2 [9.1-11.4]","10.1 [8.8-11.6]","1.6 [1.2-2.1]","5.2 [4.3-6.3]","0.2 [0.1-0.5]","1.6 [1.2-2.3]","4.1 [3.4-5.0]","8.0 [6.8-9.5]"
"Zimbabwe","2009","MICS","37.0 [35.3-38.9]","31.3 [29.0-33.6]","11.9 [10.8-13.1]","11.3 [9.8-13.0]","1.4 [1.1-1.9]","4.3 [3.4-5.4]","0.4 [0.2-0.7]","0.7 [0.4-1.3]","2.9 [2.3-3.6]","4.7 [3.7-5.8]"
"Zimbabwe","2005","DHS","37.2 [34.7-39.7]","32.3 [30.0-34.8]","14.9 [13.3-16.7]","12.5 [11.0-14.2]","5.8 [5.0-6.9]","9.4 [8.0-11.1]","2.3 [1.8-3.0]","3.8 [2.9-5.0]","7.0 [6.0-8.1]","12.0 [10.5-13.8]"
"Zimbabwe","1999","DHS","36.6 [34.2-39.0]","29.7 [27.1-32.5]","12.6 [11.1-14.3]","10.0 [8.3-11.9]","5.6 [4.6-6.8]","12.3 [10.4-14.4]","2.4 [1.8-3.1]","6.7 [5.3-8.3]","8.3 [6.9-9.9]","13.8 [11.8-16.1]"
